Index,Location,Price,Size,Cost,Appreciation Value
H8382500,Guindy,5000,500,2500000,3750000
H826682200,Chepauk,4000,200,800000,1200000
L736879200,Mylapore,3000,200,600000,900000
H8382200,Anna Nagar,4000,200,800000,1200000
M71400,MG,7000,400,2800000,4200000
V737465897865716582123,Mandaveli,7000,200,1400000,2100000
H8382100,Porur,2000,100,200000,300000
V737465897865716582100,Poonthamalee,5000,100,500000,750000
B6578658387656873100,Banrutti,7000,100,700000,1050000
C86765458,Guindy,6000,500,3000000,4500000
D8448664,Chepauk,2000,300,600000,900000
H1644981900,Mylapore,6000,1000,6000000,9000000
H1831685696,Anna Nagar,6000,800,4800000,7200000
L736879201,MG,8000,600,4800000,7200000
H8382201,Mandaveli,8000,700,5600000,8400000
H1644981900,Porur,5000,500,2500000,3750000
H1831685696,Poonthamalee,5000,200,1000000,1500000
L736879201,Guindy,1000,1000,1000000,1500000
H8382201,Chepauk,2000,200,400000,600000
M71401,Mylapore,6000,100,600000,900000
V737465897865716582123,Anna Nagar,4000,900,3600000,5400000
H8382101,MG,3000,500,1500000,2250000
V737465897865716582100,Mandaveli,5000,300,1500000,2250000
B6578658387656873100,Porur,3000,600,1800000,2700000
C86765459,Poonthamalee,1000,400,400000,600000
D8448665,Banrutti,5000,1000,5000000,7500000
H2018389492,Guindy,7000,100,700000,1050000
H2205093288,Chepauk,1000,200,200000,300000
L736879202,Mylapore,5000,200,1000000,1500000
H8382202,Anna Nagar,1000,700,700000,1050000
H1013385996,MG,1000,400,400000,600000
H195086296,Mandaveli,2000,800,1600000,2400000
L736879202,Porur,1000,200,200000,300000
H8382202,Poonthamalee,3000,300,900000,1350000
M71402,Guindy,2000,900,1800000,2700000
V737465897865716582123,Chepauk,7000,200,1400000,2100000
H8382102,Mylapore,9000,700,6300000,9450000
V737465897865716582100,Anna Nagar,4000,400,1600000,2400000
B6578658387656873100,MG,1000,700,700000,1050000
C86765460,Mandaveli,3000,800,2400000,3600000
D8448666,Porur,1000,400,400000,600000
H2391797084,Poonthamalee,9000,300,2700000,4050000
H2578500880,Banrutti,3000,200,600000,900000
L736879203,Guindy,3000,900,2700000,4050000
H8382203,Chepauk,2000,500,1000000,1500000
H623213404,Mylapore,4000,300,1200000,1800000
H1441513104,Anna Nagar,2000,600,1200000,1800000
L736879203,MG,2000,100,200000,300000
H8382203,Mandaveli,8000,300,2400000,3600000
M71403,Porur,6000,1000,6000000,9000000
V737465897865716582123,Poonthamalee,5000,100,500000,750000
H8382103,Guindy,8000,100,800000,1200000
V737465897865716582100,Chepauk,7000,100,700000,1050000
B6578658387656873100,Mylapore,3000,800,2400000,3600000
C86765461,Anna Nagar,4000,800,3200000,4800000
D8448667,MG,2000,100,200000,300000
H2765204676,Mandaveli,1000,1000,1000000,1500000
H2951908472,Porur,5000,300,1500000,2250000
L736879204,Poonthamalee,9000,100,900000,1350000
H8382204,Banrutti,3000,200,600000,900000
H2035154492,Guindy,7000,400,2800000,4200000
H1216854792,Chepauk,5000,300,1500000,2250000
L736879204,Mylapore,6000,100,600000,900000
H8382204,Anna Nagar,5000,800,4000000,6000000
M71404,MG,9000,900,8100000,12150000
V737465897865716582123,Mandaveli,1000,900,900000,1350000
H8382104,Porur,3000,200,600000,900000
V737465897865716582100,Poonthamalee,7000,900,6300000,9450000
B6578658387656873100,Guindy,7000,900,6300000,9450000
C86765462,Chepauk,6000,100,600000,900000
D8448668,Mylapore,6000,1000,6000000,9000000
H3138612268,Anna Nagar,4000,500,2000000,3000000
H3325316064,MG,9000,700,6300000,9450000
L736879205,Mandaveli,3000,700,2100000,3150000
H8382205,Porur,1000,600,600000,900000
H398555092,Poonthamalee,8000,700,5600000,8400000
H419744608,Banrutti,7000,300,2100000,3150000
L736879205,Guindy,9000,700,6300000,9450000
H8382205,Chepauk,9000,700,6300000,9450000
M71405,Mylapore,9000,900,8100000,12150000
V737465897865716582123,Anna Nagar,4000,300,1200000,1800000
H8382105,MG,7000,700,4900000,7350000
V737465897865716582100,Mandaveli,9000,700,6300000,9450000
B6578658387656873100,Porur,4000,700,2800000,4200000
C86765463,Poonthamalee,7000,1000,7000000,10500000
D8448669,Guindy,6000,700,4200000,6300000
H3512019860,Chepauk,3000,800,2400000,3600000
H3698723656,Mylapore,3000,1000,3000000,4500000
L736879206,Anna Nagar,2000,600,1200000,1800000
H8382206,MG,7000,300,2100000,3150000
H1238044308,Mandaveli,4000,800,3200000,4800000
H2056344008,Porur,4000,800,3200000,4800000
L736879206,Poonthamalee,5000,800,4000000,6000000
H8382206,Banrutti,2000,400,800000,1200000
M71406,Guindy,4000,700,2800000,4200000
V737465897865716582123,Chepauk,5000,700,3500000,5250000
H8382106,Mylapore,2000,700,1400000,2100000
V737465897865716582100,Anna Nagar,9000,700,6300000,9450000
B6578658387656873100,MG,2000,800,1600000,2400000
C86765464,Mandaveli,8000,600,4800000,7200000
D8448670,Porur,1000,400,400000,600000
H409539844,Poonthamalee,8000,600,4800000,7200000
H222836048,Guindy,8000,800,6400000,9600000
L736879207,Chepauk,3000,600,1800000,2700000
H8382207,Mylapore,4000,800,3200000,4800000
H1420323588,Anna Nagar,2000,1000,2000000,3000000
H602023888,MG,2000,900,1800000,2700000
L736879207,Mandaveli,3000,1000,3000000,4500000
H8382207,Porur,3000,300,900000,1350000
M71407,Poonthamalee,1000,600,600000,900000
V737465897865716582123,Banrutti,2000,300,600000,900000
H8382107,Guindy,1000,400,400000,600000
V737465897865716582100,Chepauk,4000,600,2400000,3600000
B6578658387656873100,Mylapore,5000,900,4500000,6750000
C86765465,Anna Nagar,9000,700,6300000,9450000
D8448671,MG,6000,800,4800000,7200000
H36132252,Mandaveli,9000,900,8100000,12150000
H150571544,Porur,6000,200,1200000,1800000
L736879208,Poonthamalee,4000,200,800000,1200000
H8382208,Guindy,9000,700,6300000,9450000
H216275812,Chepauk,2000,100,200000,300000
H1034575512,Mylapore,3000,100,300000,450000
L736879208,Anna Nagar,1000,800,800000,1200000
H8382208,MG,4000,600,2400000,3600000
M71408,Mandaveli,9000,500,4500000,6750000
V737465897865716582123,Porur,5000,600,3000000,4500000
H8382108,Poonthamalee,1000,500,500000,750000
V737465897865716582100,Banrutti,7000,900,6300000,9450000
B6578658387656873100,Guindy,1000,400,400000,600000
C86765466,Chepauk,9000,600,5400000,8100000
D8448672,Mylapore,5000,1000,5000000,7500000
H337275340,Anna Nagar,4000,500,2000000,3000000
H523979136,MG,1000,600,600000,900000
L736879209,Mandaveli,7000,300,2100000,3150000
H8382209,Porur,8000,200,1600000,2400000
H1852875212,Poonthamalee,4000,500,2000000,3000000
H1623792384,Guindy,1000,100,100000,150000
L736879209,Chepauk,3000,1000,3000000,4500000
H8382209,Mylapore,6000,900,5400000,8100000
M71409,Anna Nagar,6000,400,2400000,3600000
V737465897865716582123,MG,5000,600,3000000,4500000
H8382109,Mandaveli,5000,1000,5000000,7500000
V737465897865716582100,Porur,5000,600,3000000,4500000
B6578658387656873100,Poonthamalee,1000,900,900000,1350000
C86765467,Banrutti,4000,800,3200000,4800000
D8448673,Guindy,4000,900,3600000,5400000
H710682932,Chepauk,1000,900,900000,1350000
H897386728,Mylapore,7000,700,4900000,7350000
L736879210,Anna Nagar,6000,700,4200000,6300000
H8382210,MG,4000,1000,4000000,6000000
H805492684,Mandaveli,1000,600,600000,900000
H12807016,Porur,8000,1000,8000000,12000000
L736879210,Poonthamalee,7000,900,6300000,9450000
H8382210,Guindy,2000,100,200000,300000
M71410,Chepauk,5000,600,3000000,4500000
V737465897865716582123,Mylapore,4000,600,2400000,3600000
H8382110,Anna Nagar,4000,600,2400000,3600000
V737465897865716582100,MG,7000,700,4900000,7350000
B6578658387656873100,Mandaveli,1000,100,100000,150000
C86765468,Porur,6000,900,5400000,8100000
D8448674,Poonthamalee,3000,200,600000,900000
H1084090524,Banrutti,5000,700,3500000,5250000
H1270794320,Guindy,7000,1000,7000000,10500000
L736879211,Chepauk,5000,200,1000000,1500000
H8382211,Mylapore,9000,600,5400000,8100000
H831106716,Anna Nagar,7000,400,2800000,4200000
H1649406416,MG,8000,900,7200000,10800000
L736879211,Mandaveli,5000,200,1000000,1500000
H8382211,Porur,3000,300,900000,1350000
M71411,Poonthamalee,8000,200,1600000,2400000
V737465897865716582123,Guindy,2000,800,1600000,2400000
H8382111,Chepauk,6000,400,2400000,3600000
V737465897865716582100,Mylapore,9000,300,2700000,4050000
B6578658387656873100,Anna Nagar,6000,300,1800000,2700000
C86765469,MG,4000,500,2000000,3000000
D8448675,Mandaveli,6000,800,4800000,7200000
H1457498116,Porur,2000,200,400000,600000
H1644201912,Poonthamalee,2000,800,1600000,2400000
L736879212,Banrutti,4000,600,2400000,3600000
H8382212,Guindy,5000,1000,5000000,7500000
H1827261180,Chepauk,9000,600,5400000,8100000
H1008961480,Mylapore,6000,500,3000000,4500000
L736879212,Anna Nagar,2000,700,1400000,2100000
H8382212,MG,4000,1000,4000000,6000000
M71412,Mandaveli,4000,1000,4000000,6000000
V737465897865716582123,Porur,4000,400,1600000,2400000
H8382112,Poonthamalee,5000,300,1500000,2250000
V737465897865716582100,Guindy,4000,800,3200000,4800000
B6578658387656873100,Chepauk,1000,300,300000,450000
C86765470,Mylapore,2000,500,1000000,1500000
D8448676,Anna Nagar,2000,300,600000,900000
H1830905708,MG,2000,600,1200000,1800000
H2017609504,Mandaveli,4000,600,2400000,3600000
L736879213,Porur,5000,400,2000000,3000000
H8382213,Poonthamalee,8000,500,4000000,6000000
H190661780,Banrutti,8000,900,7200000,10800000
H627637920,Guindy,1000,300,300000,450000
L736879213,Chepauk,9000,600,5400000,8100000
H8382213,Mylapore,3000,800,2400000,3600000
M71413,Anna Nagar,1000,700,700000,1050000
V737465897865716582123,MG,9000,200,1800000,2700000
H8382113,Mandaveli,6000,300,1800000,2700000
V737465897865716582100,Porur,7000,600,4200000,6300000
B6578658387656873100,Poonthamalee,2000,800,1600000,2400000
C86765471,Guindy,1000,100,100000,150000
D8448677,Chepauk,1000,800,800000,1200000
H2204313300,Mylapore,6000,200,1200000,1800000
H2391017096,Anna Nagar,5000,800,4000000,6000000
L736879214,MG,8000,700,5600000,8400000
H8382214,Mandaveli,6000,100,600000,900000
H1445937620,Porur,2000,200,400000,600000
H2030729976,Poonthamalee,5000,800,4000000,6000000
L736879214,Banrutti,5000,600,3000000,4500000
H8382214,Guindy,8000,200,1600000,2400000
M71414,Chepauk,5000,600,3000000,4500000
V737465897865716582123,Mylapore,4000,400,1600000,2400000
H8382114,Anna Nagar,9000,200,1800000,2700000
V737465897865716582100,MG,9000,500,4500000,6750000
B6578658387656873100,Mandaveli,5000,600,3000000,4500000
C86765472,Porur,9000,300,2700000,4050000
D8448678,Poonthamalee,7000,100,700000,1050000
H2577720892,Guindy,4000,300,1200000,1800000
H2764424688,Chepauk,2000,900,1800000,2700000
L736879215,Mylapore,7000,600,4200000,6300000
H8382215,Anna Nagar,8000,800,6400000,9600000
H1212430276,MG,7000,700,4900000,7350000
H394130576,Mandaveli,1000,300,300000,450000
L736879215,Porur,8000,400,3200000,4800000
H8382215,Poonthamalee,5000,600,3000000,4500000
M71415,Banrutti,5000,1000,5000000,7500000
V737465897865716582123,Guindy,1000,200,200000,300000
H8382115,Chepauk,2000,500,1000000,1500000
V737465897865716582100,Mylapore,4000,200,800000,1200000
B6578658387656873100,Anna Nagar,2000,500,1000000,1500000
C86765473,MG,2000,400,800000,1200000
D8448679,Mandaveli,7000,500,3500000,5250000
H2951128484,Porur,4000,1000,4000000,6000000
H3137832280,Poonthamalee,6000,600,3600000,5400000
L736879216,Guindy,6000,300,1800000,2700000
H8382216,Chepauk,3000,200,600000,900000
H424169124,Mylapore,4000,400,1600000,2400000
H1242468824,Anna Nagar,4000,500,2000000,3000000
L736879216,MG,2000,900,1800000,2700000
H8382216,Mandaveli,1000,1000,1000000,1500000
M71416,Porur,9000,100,900000,1350000
V737465897865716582123,Poonthamalee,3000,1000,3000000,4500000
H8382116,Banrutti,3000,900,2700000,4050000
V737465897865716582100,Guindy,5000,300,1500000,2250000
B6578658387656873100,Chepauk,5000,600,3000000,4500000
C86765474,Mylapore,9000,400,3600000,5400000
D8448680,Anna Nagar,3000,600,1800000,2700000
H3324536076,MG,3000,900,2700000,4050000
H3511239872,Mandaveli,3000,1000,3000000,4500000
L736879217,Porur,5000,300,1500000,2250000
H8382217,Poonthamalee,7000,300,2100000,3150000
H2060768524,Guindy,9000,400,3600000,5400000
H1415899072,Chepauk,9000,300,2700000,4050000
L736879217,Mylapore,4000,300,1200000,1800000
H8382217,Anna Nagar,7000,800,5600000,8400000
M71417,MG,3000,500,1500000,2250000
V737465897865716582123,Mandaveli,9000,500,4500000,6750000
H8382117,Porur,4000,500,2000000,3000000
V737465897865716582100,Poonthamalee,7000,200,1400000,2100000
B6578658387656873100,Banrutti,2000,700,1400000,2100000
C86765475,Guindy,3000,600,1800000,2700000
D8448681,Chepauk,1000,1000,1000000,1500000
H3697943668,Mylapore,8000,500,4000000,6000000
H410319832,Anna Nagar,6000,1000,6000000,9000000
L736879218,MG,5000,600,3000000,4500000
H8382218,Mandaveli,8000,700,5600000,8400000
H597599372,Porur,3000,500,1500000,2250000
H220700328,Poonthamalee,5000,700,3500000,5250000
L736879218,Guindy,7000,600,4200000,6300000
H8382218,Chepauk,4000,300,1200000,1800000
M71418,Mylapore,9000,800,7200000,10800000
V737465897865716582123,Anna Nagar,2000,400,800000,1200000
H8382118,MG,3000,500,1500000,2250000
V737465897865716582100,Mandaveli,6000,600,3600000,5400000
B6578658387656873100,Porur,1000,400,400000,600000
C86765476,Poonthamalee,6000,200,1200000,1800000
D8448682,Banrutti,1000,400,400000,600000
H223616036,Guindy,3000,600,1800000,2700000
H36912240,Chepauk,5000,300,1500000,2250000
L736879219,Mylapore,2000,400,800000,1200000
H8382219,Anna Nagar,1000,100,100000,150000
H1039000028,MG,2000,700,1400000,2100000
H1857299728,Mandaveli,2000,800,1600000,2400000
L736879219,Porur,4000,100,400000,600000
H8382219,Poonthamalee,3000,1000,3000000,4500000
M71419,Guindy,7000,400,2800000,4200000
V737465897865716582123,Chepauk,5000,100,500000,750000
H8382119,Mylapore,9000,1000,9000000,13500000
V737465897865716582100,Anna Nagar,8000,900,7200000,10800000
B6578658387656873100,MG,8000,100,800000,1200000
C86765477,Mandaveli,8000,900,7200000,10800000
D8448683,Porur,9000,800,7200000,10800000
H149791556,Poonthamalee,2000,200,400000,600000
H336495352,Banrutti,5000,900,4500000,6750000
L736879220,Guindy,9000,800,7200000,10800000
H8382220,Chepauk,2000,200,400000,600000
H1619367868,Mylapore,2000,700,1400000,2100000
H801068168,Anna Nagar,6000,1000,6000000,9000000
L736879220,MG,1000,400,400000,600000
H8382220,Mandaveli,8000,900,7200000,10800000
M71420,Porur,8000,400,3200000,4800000
V737465897865716582123,Poonthamalee,3000,500,1500000,2250000
H8382120,Guindy,7000,700,4900000,7350000
V737465897865716582100,Chepauk,3000,100,300000,450000
B6578658387656873100,Mylapore,4000,400,1600000,2400000
C86765478,Anna Nagar,2000,1000,2000000,3000000
D8448684,MG,7000,700,4900000,7350000
H523199148,Mandaveli,5000,400,2000000,3000000
H709902944,Porur,9000,1000,9000000,13500000
L736879221,Poonthamalee,8000,1000,8000000,12000000
H8382221,Banrutti,5000,100,500000,750000
H17231532,Guindy,4000,900,3600000,5400000
H835531232,Chepauk,8000,700,5600000,8400000
L736879221,Mylapore,5000,300,1500000,2250000
H8382221,Anna Nagar,6000,500,3000000,4500000
M71421,MG,4000,200,800000,1200000
V737465897865716582123,Mandaveli,5000,500,2500000,3750000
H8382121,Porur,7000,500,3500000,5250000
V737465897865716582100,Poonthamalee,1000,100,100000,150000
B6578658387656873100,Guindy,9000,700,6300000,9450000
C86765479,Chepauk,1000,400,400000,600000
D8448685,Mylapore,6000,200,1200000,1800000
H896606740,Anna Nagar,4000,300,1200000,1800000
H1083310536,MG,4000,800,3200000,4800000
L736879222,Mandaveli,6000,900,5400000,8100000
H8382222,Porur,1000,600,600000,900000
H1653830932,Poonthamalee,8000,900,7200000,10800000
H1822836664,Banrutti,6000,400,2400000,3600000
L736879222,Guindy,8000,800,6400000,9600000
H8382222,Chepauk,2000,600,1200000,1800000
M71422,Mylapore,1000,500,500000,750000
V737465897865716582123,Anna Nagar,4000,300,1200000,1800000
H8382122,MG,2000,200,400000,600000
V737465897865716582100,Mandaveli,6000,300,1800000,2700000
B6578658387656873100,Porur,6000,900,5400000,8100000
C86765480,Poonthamalee,6000,900,5400000,8100000
D8448686,Guindy,4000,700,2800000,4200000
H1270014332,Chepauk,2000,700,1400000,2100000
H1456718128,Mylapore,8000,800,6400000,9600000
L736879223,Anna Nagar,7000,200,1400000,2100000
H8382223,MG,2000,1000,2000000,3000000
H1004536964,Mandaveli,8000,800,6400000,9600000
H186237264,Porur,6000,400,2400000,3600000
L736879223,Poonthamalee,2000,200,400000,600000
H8382223,Banrutti,2000,900,1800000,2700000
M71423,Guindy,3000,400,1200000,1800000
V737465897865716582123,Chepauk,5000,300,1500000,2250000
H8382123,Mylapore,8000,500,4000000,6000000
V737465897865716582100,Anna Nagar,7000,600,4200000,6300000
B6578658387656873100,MG,4000,900,3600000,5400000
C86765481,Mandaveli,4000,900,3600000,5400000
D8448687,Porur,9000,700,6300000,9450000
H1643421924,Poonthamalee,7000,100,700000,1050000
H1830125720,Guindy,9000,200,1800000,2700000
L736879224,Chepauk,6000,1000,6000000,9000000
H8382224,Mylapore,6000,700,4200000,6300000
H632062436,Anna Nagar,5000,600,3000000,4500000
H1450362136,MG,6000,1000,6000000,9000000
L736879224,Mandaveli,5000,500,2500000,3750000
H8382224,Porur,7000,200,1400000,2100000
M71424,Poonthamalee,1000,900,900000,1350000
V737465897865716582123,Banrutti,2000,500,1000000,1500000
H8382124,Guindy,3000,200,600000,900000
V737465897865716582100,Chepauk,3000,100,300000,450000
B6578658387656873100,Mylapore,5000,300,1500000,2250000
C86765482,Anna Nagar,1000,800,800000,1200000
D8448688,MG,3000,1000,3000000,4500000
H2016829516,Mandaveli,8000,800,6400000,9600000
H2203533312,Porur,9000,100,900000,1350000
L736879225,Poonthamalee,5000,900,4500000,6750000
H8382225,Guindy,4000,700,2800000,4200000
H2026305460,Chepauk,1000,800,800000,1200000
H1208005760,Mylapore,9000,300,2700000,4050000
L736879225,Anna Nagar,8000,200,1600000,2400000
H8382225,MG,6000,200,1200000,1800000
M71425,Mandaveli,9000,900,8100000,12150000
V737465897865716582123,Porur,6000,600,3600000,5400000
H8382125,Poonthamalee,6000,200,1200000,1800000
V737465897865716582100,Banrutti,1000,100,100000,150000
B6578658387656873100,Guindy,9000,100,900000,1350000
C86765483,Chepauk,2000,600,1200000,1800000
D8448689,Mylapore,8000,500,4000000,6000000
H2390237108,Anna Nagar,8000,900,7200000,10800000
H2576940904,MG,2000,600,1200000,1800000
L736879226,Mandaveli,6000,800,4800000,7200000
H8382226,Porur,3000,400,1200000,1800000
H389706060,Poonthamalee,5000,500,2500000,3750000
H428593640,Guindy,5000,600,3000000,4500000
L736879226,Chepauk,1000,200,200000,300000
H8382226,Mylapore,3000,600,1800000,2700000
M71426,Anna Nagar,8000,800,6400000,9600000
V737465897865716582123,MG,5000,600,3000000,4500000
H8382126,Mandaveli,1000,400,400000,600000
V737465897865716582100,Porur,9000,900,8100000,12150000
B6578658387656873100,Poonthamalee,6000,400,2400000,3600000
C86765484,Banrutti,5000,500,2500000,3750000
D8448690,Guindy,9000,100,900000,1350000
H2763644700,Chepauk,1000,600,600000,900000
H2950348496,Mylapore,2000,700,1400000,2100000
L736879227,Anna Nagar,5000,600,3000000,4500000
H8382227,MG,7000,900,6300000,9450000
H1246893340,Mandaveli,4000,1000,4000000,6000000
H2065193040,Porur,5000,300,1500000,2250000
L736879227,Poonthamalee,3000,600,1800000,2700000
H8382227,Guindy,6000,400,2400000,3600000
M71427,Chepauk,7000,300,2100000,3150000
V737465897865716582123,Mylapore,6000,600,3600000,5400000
H8382127,Anna Nagar,1000,1000,1000000,1500000
V737465897865716582100,MG,5000,600,3000000,4500000
B6578658387656873100,Mandaveli,3000,500,1500000,2250000
C86765485,Porur,1000,700,700000,1050000
D8448691,Poonthamalee,4000,900,3600000,5400000
H3137052292,Banrutti,9000,1000,9000000,13500000
H3323756088,Guindy,2000,800,1600000,2400000
L736879228,Chepauk,1000,200,200000,300000
H8382228,Mylapore,8000,200,1600000,2400000
H1411474556,Anna Nagar,7000,400,2800000,4200000
H593174856,MG,7000,300,2100000,3150000
L736879228,Mandaveli,1000,1000,1000000,1500000
H8382228,Porur,4000,600,2400000,3600000
M71428,Poonthamalee,7000,800,5600000,8400000
V737465897865716582123,Guindy,8000,100,800000,1200000
H8382128,Chepauk,3000,100,300000,450000
V737465897865716582100,Mylapore,1000,400,400000,600000
B6578658387656873100,Anna Nagar,8000,900,7200000,10800000
C86765486,MG,1000,800,800000,1200000
D8448692,Mandaveli,8000,700,5600000,8400000
H3510459884,Porur,8000,100,800000,1200000
H3697163680,Poonthamalee,8000,400,3200000,4800000
L736879229,Banrutti,7000,500,3500000,5250000
H8382229,Guindy,8000,300,2400000,3600000
H225124844,Chepauk,6000,400,2400000,3600000
H1043424544,Mylapore,3000,400,1200000,1800000
L736879229,Anna Nagar,9000,900,8100000,12150000
H8382229,MG,7000,900,6300000,9450000
M71429,Mandaveli,8000,300,2400000,3600000
V737465897865716582123,Porur,9000,500,4500000,6750000
H8382129,Poonthamalee,8000,1000,8000000,12000000
V737465897865716582100,Guindy,7000,600,4200000,6300000
B6578658387656873100,Chepauk,2000,1000,2000000,3000000
C86765487,Mylapore,2000,400,800000,1200000
D8448693,Anna Nagar,9000,1000,9000000,13500000
H411099820,MG,7000,600,4200000,6300000
H224396024,Mandaveli,2000,1000,2000000,3000000
L736879230,Porur,5000,200,1000000,1500000
H8382230,Poonthamalee,3000,800,2400000,3600000
H1861724244,Banrutti,6000,400,2400000,3600000
H1614943352,Guindy,3000,100,300000,450000
L736879230,Chepauk,6000,700,4200000,6300000
H8382230,Mylapore,6000,400,2400000,3600000
M71430,Anna Nagar,8000,800,6400000,9600000
V737465897865716582123,MG,9000,700,6300000,9450000
H8382130,Mandaveli,7000,600,4200000,6300000
V737465897865716582100,Porur,3000,400,1200000,1800000
B6578658387656873100,Poonthamalee,1000,700,700000,1050000
C86765488,Guindy,2000,900,1800000,2700000
D8448694,Chepauk,1000,100,100000,150000
H37692228,Mylapore,3000,1000,3000000,4500000
H149011568,Anna Nagar,3000,800,2400000,3600000
L736879231,MG,5000,300,1500000,2250000
H8382231,Mandaveli,5000,700,3500000,5250000
H796643652,Porur,1000,500,500000,750000
H21656048,Poonthamalee,4000,200,800000,1200000
L736879231,Banrutti,7000,700,4900000,7350000
H8382231,Guindy,8000,500,4000000,6000000
M71431,Chepauk,4000,800,3200000,4800000
V737465897865716582123,Mylapore,8000,400,3200000,4800000
H8382131,Anna Nagar,2000,400,800000,1200000
V737465897865716582100,MG,4000,700,2800000,4200000
B6578658387656873100,Mandaveli,7000,900,6300000,9450000
C86765489,Porur,1000,300,300000,450000
D8448695,Poonthamalee,3000,800,2400000,3600000
H335715364,Guindy,5000,700,3500000,5250000
H522419160,Chepauk,5000,700,3500000,5250000
L736879232,Mylapore,6000,600,3600000,5400000
H8382232,Anna Nagar,1000,500,500000,750000
H839955748,MG,2000,200,400000,600000
H1658255448,Mandaveli,6000,200,1200000,1800000
L736879232,Porur,3000,400,1200000,1800000
H8382232,Poonthamalee,2000,200,400000,600000
M71432,Banrutti,8000,400,3200000,4800000
V737465897865716582123,Guindy,3000,600,1800000,2700000
H8382132,Chepauk,5000,700,3500000,5250000
V737465897865716582100,Mylapore,1000,1000,1000000,1500000
B6578658387656873100,Anna Nagar,3000,400,1200000,1800000
C86765490,MG,5000,100,500000,750000
D8448696,Mandaveli,8000,600,4800000,7200000
H709122956,Porur,2000,700,1400000,2100000
H895826752,Poonthamalee,3000,800,2400000,3600000
L736879233,Guindy,9000,600,5400000,8100000
H8382233,Chepauk,4000,900,3600000,5400000
H1818412148,Mylapore,7000,200,1400000,2100000
H1000112448,Anna Nagar,9000,500,4500000,6750000
L736879233,MG,7000,100,700000,1050000
H8382233,Mandaveli,9000,100,900000,1350000
M71433,Porur,6000,400,2400000,3600000
V737465897865716582123,Poonthamalee,2000,200,400000,600000
H8382133,Banrutti,9000,200,1800000,2700000
V737465897865716582100,Guindy,8000,300,2400000,3600000
B6578658387656873100,Chepauk,4000,500,2000000,3000000
C86765491,Mylapore,5000,600,3000000,4500000
D8448697,Anna Nagar,8000,1000,8000000,12000000
H1082530548,MG,7000,300,2100000,3150000
H1269234344,Mandaveli,4000,900,3600000,5400000
L736879234,Porur,6000,400,2400000,3600000
H8382234,Poonthamalee,2000,400,800000,1200000
H181812748,Guindy,3000,200,600000,900000
H636486952,Chepauk,8000,100,800000,1200000
L736879234,Mylapore,2000,1000,2000000,3000000
H8382234,Anna Nagar,8000,900,7200000,10800000
M71434,MG,7000,1000,7000000,10500000
V737465897865716582123,Mandaveli,4000,800,3200000,4800000
H8382134,Porur,9000,200,1800000,2700000
V737465897865716582100,Poonthamalee,7000,1000,7000000,10500000
B6578658387656873100,Banrutti,5000,1000,5000000,7500000
C86765492,Guindy,2000,1000,2000000,3000000
D8448698,Chepauk,6000,300,1800000,2700000
H1455938140,Mylapore,7000,500,3500000,5250000
H1642641936,Anna Nagar,8000,300,2400000,3600000
L736879235,MG,7000,400,2800000,4200000
H8382235,Mandaveli,8000,900,7200000,10800000
H1454786652,Porur,9000,100,900000,1350000
H2021880944,Poonthamalee,6000,100,600000,900000
L736879235,Guindy,1000,700,700000,1050000
H8382235,Chepauk,8000,600,4800000,7200000
M71435,Mylapore,2000,1000,2000000,3000000
V737465897865716582123,Anna Nagar,4000,800,3200000,4800000
H8382135,MG,8000,600,4800000,7200000
V737465897865716582100,Mandaveli,7000,800,5600000,8400000
B6578658387656873100,Porur,3000,200,600000,900000
C86765493,Poonthamalee,6000,200,1200000,1800000
D8448699,Banrutti,8000,500,4000000,6000000
H1829345732,Guindy,3000,800,2400000,3600000
H2016049528,Chepauk,9000,600,5400000,8100000
L736879236,Mylapore,6000,200,1200000,1800000
H8382236,Anna Nagar,4000,800,3200000,4800000
H1203581244,MG,7000,300,2100000,3150000
H385281544,Mandaveli,7000,400,2800000,4200000
L736879236,Porur,7000,300,2100000,3150000
H8382236,Poonthamalee,1000,400,400000,600000
M71436,Guindy,2000,400,800000,1200000
V737465897865716582123,Chepauk,3000,1000,3000000,4500000
H8382136,Mylapore,5000,800,4000000,6000000
V737465897865716582100,Anna Nagar,3000,100,300000,450000
B6578658387656873100,MG,4000,700,2800000,4200000
C86765494,Mandaveli,8000,1000,8000000,12000000
D8448700,Porur,7000,900,6300000,9450000
H2202753324,Poonthamalee,8000,800,6400000,9600000
H2389457120,Banrutti,5000,700,3500000,5250000
L736879237,Guindy,9000,900,8100000,12150000
H8382237,Chepauk,6000,200,1200000,1800000
H433018156,Mylapore,5000,400,2000000,3000000
H1251317856,Anna Nagar,3000,600,1800000,2700000
L736879237,MG,7000,400,2800000,4200000
H8382237,Mandaveli,7000,700,4900000,7350000
M71437,Porur,1000,1000,1000000,1500000
V737465897865716582123,Poonthamalee,1000,500,500000,750000
H8382137,Guindy,7000,400,2800000,4200000
V737465897865716582100,Chepauk,9000,900,8100000,12150000
B6578658387656873100,Mylapore,6000,500,3000000,4500000
C86765495,Anna Nagar,6000,200,1200000,1800000
D8448701,MG,8000,700,5600000,8400000
H2576160916,Mandaveli,9000,300,2700000,4050000
H2762864712,Porur,9000,800,7200000,10800000
L736879238,Poonthamalee,4000,400,1600000,2400000
H8382238,Banrutti,2000,600,1200000,1800000
H2069617556,Guindy,3000,100,300000,450000
H1407050040,Chepauk,9000,700,6300000,9450000
L736879238,Mylapore,1000,800,800000,1200000
H8382238,Anna Nagar,5000,500,2500000,3750000
M71438,MG,6000,1000,6000000,9000000
V737465897865716582123,Mandaveli,3000,700,2100000,3150000
H8382138,Porur,6000,100,600000,900000
V737465897865716582100,Poonthamalee,9000,700,6300000,9450000
B6578658387656873100,Guindy,2000,700,1400000,2100000
C86765496,Chepauk,4000,900,3600000,5400000
D8448702,Mylapore,1000,300,300000,450000
H2949568508,Anna Nagar,9000,200,1800000,2700000
H3136272304,MG,3000,700,2100000,3150000
L736879239,Mandaveli,4000,200,800000,1200000
H8382239,Porur,2000,300,600000,900000
H588750340,Poonthamalee,6000,200,1200000,1800000
H229549360,Banrutti,8000,600,4800000,7200000
L736879239,Guindy,8000,300,2400000,3600000
H8382239,Chepauk,4000,900,3600000,5400000
M71439,Mylapore,5000,700,3500000,5250000
V737465897865716582123,Anna Nagar,6000,200,1200000,1800000
H8382139,MG,8000,500,4000000,6000000
V737465897865716582100,Mandaveli,9000,200,1800000,2700000
B6578658387656873100,Porur,5000,400,2000000,3000000
C86765497,Poonthamalee,4000,600,2400000,3600000
D8448703,Guindy,5000,300,1500000,2250000
H3322976100,Chepauk,8000,600,4800000,7200000
H3509679896,Mylapore,7000,1000,7000000,10500000
L736879240,Anna Nagar,8000,800,6400000,9600000
H8382240,MG,4000,600,2400000,3600000
H1047849060,Mandaveli,2000,500,1000000,1500000
H1866148760,Porur,9000,500,4500000,6750000
L736879240,Poonthamalee,5000,600,3000000,4500000
H8382240,Banrutti,6000,800,4800000,7200000
M71440,Guindy,8000,300,2400000,3600000
V737465897865716582123,Chepauk,7000,1000,7000000,10500000
H8382140,Mylapore,1000,900,900000,1350000
V737465897865716582100,Anna Nagar,4000,200,800000,1200000
B6578658387656873100,MG,8000,1000,8000000,12000000
C86765498,Mandaveli,7000,1000,7000000,10500000
D8448704,Porur,7000,100,700000,1050000
H3696383692,Poonthamalee,3000,300,900000,1350000
H411879808,Guindy,1000,600,600000,900000
L736879241,Chepauk,8000,200,1600000,2400000
H8382241,Mylapore,3000,400,1200000,1800000
H1610518836,Anna Nagar,1000,100,100000,150000
H792219136,MG,9000,200,1800000,2700000
L736879241,Mandaveli,3000,1000,3000000,4500000
H8382241,Porur,6000,300,1800000,2700000
M71441,Poonthamalee,8000,600,4800000,7200000
V737465897865716582123,Banrutti,2000,100,200000,300000
H8382141,Guindy,8000,400,3200000,4800000
V737465897865716582100,Chepauk,2000,800,1600000,2400000
B6578658387656873100,Mylapore,3000,500,1500000,2250000
C86765499,Anna Nagar,2000,200,400000,600000
D8448705,MG,5000,900,4500000,6750000
H225176012,Mandaveli,5000,1000,5000000,7500000
H38472216,Porur,3000,800,2400000,3600000
L736879242,Poonthamalee,1000,1000,1000000,1500000
H8382242,Guindy,9000,300,2700000,4050000
H26080564,Chepauk,1000,600,600000,900000
H844380264,Mylapore,9000,800,7200000,10800000
L736879242,Anna Nagar,3000,200,600000,900000
H8382242,MG,6000,700,4200000,6300000
M71442,Mandaveli,5000,400,2000000,3000000
V737465897865716582123,Porur,5000,400,2000000,3000000
H8382142,Poonthamalee,2000,200,400000,600000
V737465897865716582100,Banrutti,8000,1000,8000000,12000000
B6578658387656873100,Guindy,5000,600,3000000,4500000
C86765500,Chepauk,7000,600,4200000,6300000
D8448706,Mylapore,5000,200,1000000,1500000
H148231580,Anna Nagar,7000,200,1400000,2100000
H334935376,MG,9000,700,6300000,9450000
L736879243,Mandaveli,3000,400,1200000,1800000
H8382243,Porur,1000,700,700000,1050000
H1662679964,Poonthamalee,4000,300,1200000,1800000
H1813987632,Guindy,5000,200,1000000,1500000
L736879243,Chepauk,9000,300,2700000,4050000
H8382243,Mylapore,1000,800,800000,1200000
M71443,Anna Nagar,3000,600,1800000,2700000
V737465897865716582123,MG,4000,900,3600000,5400000
H8382143,Mandaveli,8000,300,2400000,3600000
V737465897865716582100,Porur,3000,300,900000,1350000
B6578658387656873100,Poonthamalee,5000,600,3000000,4500000
C86765501,Banrutti,2000,700,1400000,2100000
D8448707,Guindy,6000,800,4800000,7200000
H521639172,Chepauk,5000,200,1000000,1500000
H708342968,Mylapore,2000,600,1200000,1800000
L736879244,Anna Nagar,3000,500,1500000,2250000
H8382244,MG,5000,300,1500000,2250000
H995687932,Mandaveli,2000,500,1000000,1500000
H177388232,Porur,1000,500,500000,750000
L736879244,Poonthamalee,7000,500,3500000,5250000
H8382244,Guindy,4000,100,400000,600000
M71444,Chepauk,1000,200,200000,300000
V737465897865716582123,Mylapore,4000,100,400000,600000
H8382144,Anna Nagar,8000,1000,8000000,12000000
V737465897865716582100,MG,8000,300,2400000,3600000
B6578658387656873100,Mandaveli,6000,900,5400000,8100000
C86765502,Porur,6000,300,1800000,2700000
D8448708,Poonthamalee,7000,600,4200000,6300000
H895046764,Banrutti,2000,900,1800000,2700000
H1081750560,Guindy,7000,600,4200000,6300000
L736879245,Chepauk,8000,300,2400000,3600000
H8382245,Mylapore,9000,200,1800000,2700000
H640911468,Anna Nagar,7000,500,3500000,5250000
H1459211168,MG,1000,700,700000,1050000
L736879245,Mandaveli,8000,800,6400000,9600000
H8382245,Porur,2000,600,1200000,1800000
M71445,Poonthamalee,3000,400,1200000,1800000
V737465897865716582123,Guindy,3000,900,2700000,4050000
H8382145,Chepauk,7000,900,6300000,9450000
V737465897865716582100,Mylapore,6000,900,5400000,8100000
B6578658387656873100,Anna Nagar,1000,800,800000,1200000
C86765503,MG,3000,500,1500000,2250000
D8448709,Mandaveli,7000,200,1400000,2100000
H1268454356,Porur,3000,900,2700000,4050000
H1455158152,Poonthamalee,7000,700,4900000,7350000
L736879246,Banrutti,4000,100,400000,600000
H8382246,Guindy,4000,900,3600000,5400000
H2017456428,Chepauk,4000,300,1200000,1800000
H1199156728,Mylapore,4000,600,2400000,3600000
L736879246,Anna Nagar,7000,400,2800000,4200000
H8382246,MG,6000,800,4800000,7200000
M71446,Mandaveli,5000,400,2000000,3000000
V737465897865716582123,Porur,9000,500,4500000,6750000
H8382146,Poonthamalee,7000,1000,7000000,10500000
V737465897865716582100,Guindy,3000,600,1800000,2700000
B6578658387656873100,Chepauk,2000,700,1400000,2100000
C86765504,Mylapore,4000,800,3200000,4800000
D8448710,Anna Nagar,4000,400,1600000,2400000
H1641861948,MG,9000,600,5400000,8100000
H1828565744,Mandaveli,5000,100,500000,750000
L736879247,Porur,7000,500,3500000,5250000
H8382247,Poonthamalee,5000,600,3000000,4500000
H380857028,Banrutti,8000,800,6400000,9600000
H437442672,Guindy,6000,300,1800000,2700000
L736879247,Chepauk,8000,900,7200000,10800000
H8382247,Mylapore,2000,400,800000,1200000
M71447,Anna Nagar,4000,300,1200000,1800000
V737465897865716582123,MG,1000,700,700000,1050000
H8382147,Mandaveli,2000,300,600000,900000
V737465897865716582100,Porur,9000,200,1800000,2700000
B6578658387656873100,Poonthamalee,4000,900,3600000,5400000
C86765505,Guindy,3000,600,1800000,2700000
D8448711,Chepauk,3000,200,600000,900000
H2015269540,Mylapore,4000,100,400000,600000
H2201973336,Anna Nagar,1000,900,900000,1350000
L736879248,MG,4000,400,1600000,2400000
H8382248,Mandaveli,1000,600,600000,900000
H1255742372,Porur,9000,600,5400000,8100000
H2074042072,Poonthamalee,2000,200,400000,600000
L736879248,Banrutti,4000,1000,4000000,6000000
H8382248,Guindy,9000,600,5400000,8100000
M71448,Chepauk,2000,300,600000,900000
V737465897865716582123,Mylapore,4000,600,2400000,3600000
H8382148,Anna Nagar,4000,800,3200000,4800000
V737465897865716582100,MG,2000,400,800000,1200000
B6578658387656873100,Mandaveli,6000,500,3000000,4500000
C86765506,Porur,8000,600,4800000,7200000
D8448712,Poonthamalee,9000,400,3600000,5400000
H2388677132,Guindy,9000,300,2700000,4050000
H2575380928,Chepauk,4000,100,400000,600000
L736879249,Mylapore,3000,300,900000,1350000
H8382249,Anna Nagar,2000,1000,2000000,3000000
H1402625524,MG,7000,100,700000,1050000
H584325824,Mandaveli,4000,400,1600000,2400000
L736879249,Porur,1000,900,900000,1350000
H8382249,Poonthamalee,6000,1000,6000000,9000000
M71449,Banrutti,4000,200,800000,1200000
V737465897865716582123,Guindy,2000,300,600000,900000
H8382149,Chepauk,3000,600,1800000,2700000
V737465897865716582100,Mylapore,3000,600,1800000,2700000
B6578658387656873100,Anna Nagar,6000,900,5400000,8100000
C86765507,MG,5000,300,1500000,2250000
D8448713,Mandaveli,6000,200,1200000,1800000
H2762084724,Porur,4000,100,400000,600000
H2948788520,Poonthamalee,9000,1000,9000000,13500000
L736879250,Guindy,2000,1000,2000000,3000000
H8382250,Chepauk,8000,800,6400000,9600000
H233973876,Mylapore,5000,1000,5000000,7500000
H1052273576,Anna Nagar,5000,1000,5000000,7500000
L736879250,MG,1000,800,800000,1200000
H8382250,Mandaveli,1000,300,300000,450000
M71450,Porur,6000,700,4200000,6300000
V737465897865716582123,Poonthamalee,8000,300,2400000,3600000
H8382150,Banrutti,8000,300,2400000,3600000
V737465897865716582100,Guindy,3000,600,1800000,2700000
B6578658387656873100,Chepauk,6000,300,1800000,2700000
C86765508,Mylapore,4000,100,400000,600000
D8448714,Anna Nagar,1000,300,300000,450000
H3135492316,MG,9000,300,2700000,4050000
H3322196112,Mandaveli,3000,300,900000,1350000
L736879251,Porur,1000,500,500000,750000
H8382251,Poonthamalee,4000,700,2800000,4200000
H1870573276,Guindy,2000,700,1400000,2100000
H1606094320,Chepauk,2000,800,1600000,2400000
L736879251,Mylapore,3000,700,2100000,3150000
H8382251,Anna Nagar,4000,500,2000000,3000000
M71451,MG,4000,500,2000000,3000000
V737465897865716582123,Mandaveli,7000,800,5600000,8400000
H8382151,Porur,3000,700,2100000,3150000
V737465897865716582100,Poonthamalee,3000,600,1800000,2700000
B6578658387656873100,Banrutti,8000,300,2400000,3600000
C86765509,Guindy,4000,900,3600000,5400000
D8448715,Chepauk,3000,600,1800000,2700000
H3508899908,Mylapore,8000,900,7200000,10800000
H3695603704,Anna Nagar,5000,800,4000000,6000000
L736879252,MG,8000,900,7200000,10800000
H8382252,Mandaveli,9000,1000,9000000,13500000
H787794620,Porur,4000,900,3600000,5400000
H30505080,Poonthamalee,5000,700,3500000,5250000
L736879252,Guindy,6000,700,4200000,6300000
H8382252,Chepauk,1000,400,400000,600000
M71452,Mylapore,4000,800,3200000,4800000
V737465897865716582123,Anna Nagar,5000,700,3500000,5250000
H8382152,MG,7000,800,5600000,8400000
V737465897865716582100,Mandaveli,5000,400,2000000,3000000
B6578658387656873100,Porur,9000,600,5400000,8100000
C86765510,Poonthamalee,7000,500,3500000,5250000
D8448716,Banrutti,1000,600,600000,900000
H412659796,Guindy,6000,900,5400000,8100000
H225956000,Chepauk,3000,200,600000,900000
L736879253,Mylapore,6000,200,1200000,1800000
H8382253,Anna Nagar,4000,700,2800000,4200000
H848804780,MG,9000,800,7200000,10800000
H1667104480,Mandaveli,4000,700,2800000,4200000
L736879253,Porur,3000,300,900000,1350000
H8382253,Poonthamalee,4000,200,800000,1200000
M71453,Guindy,5000,900,4500000,6750000
V737465897865716582123,Chepauk,6000,600,3600000,5400000
H8382153,Mylapore,9000,200,1800000,2700000
V737465897865716582100,Anna Nagar,1000,900,900000,1350000
B6578658387656873100,MG,9000,600,5400000,8100000
C86765511,Mandaveli,6000,300,1800000,2700000
D8448717,Porur,9000,400,3600000,5400000
H39252204,Poonthamalee,7000,400,2800000,4200000
H147451592,Banrutti,8000,700,5600000,8400000
L736879254,Guindy,9000,900,8100000,12150000
H8382254,Chepauk,5000,900,4500000,6750000
H1809563116,Mylapore,7000,400,2800000,4200000
H991263416,Anna Nagar,4000,200,800000,1200000
L736879254,MG,4000,100,400000,600000
H8382254,Mandaveli,6000,400,2400000,3600000
M71454,Porur,3000,300,900000,1350000
V737465897865716582123,Poonthamalee,7000,800,5600000,8400000
H8382154,Guindy,1000,100,100000,150000
V737465897865716582100,Chepauk,1000,900,900000,1350000
B6578658387656873100,Mylapore,8000,400,3200000,4800000
C86765512,Anna Nagar,2000,500,1000000,1500000
D8448718,MG,2000,500,1000000,1500000
H334155388,Mandaveli,1000,600,600000,900000
H520859184,Porur,7000,700,4900000,7350000
L736879255,Poonthamalee,6000,1000,6000000,9000000
H8382255,Banrutti,4000,300,1200000,1800000
H172963716,Guindy,2000,500,1000000,1500000
H645335984,Chepauk,8000,500,4000000,6000000
L736879255,Mylapore,2000,900,1800000,2700000
H8382255,Anna Nagar,2000,400,800000,1200000
M71455,MG,9000,100,900000,1350000
V737465897865716582123,Mandaveli,9000,900,8100000,12150000
H8382155,Porur,8000,300,2400000,3600000
V737465897865716582100,Poonthamalee,4000,900,3600000,5400000
B6578658387656873100,Guindy,6000,600,3600000,5400000
C86765513,Chepauk,3000,200,600000,900000
D8448719,Mylapore,7000,400,2800000,4200000
H707562980,Anna Nagar,3000,900,2700000,4050000
H894266776,MG,2000,800,1600000,2400000
L736879256,Mandaveli,3000,800,2400000,3600000
H8382256,Porur,7000,800,5600000,8400000
H1463635684,Poonthamalee,9000,600,5400000,8100000
H2013031912,Banrutti,8000,200,1600000,2400000
L736879256,Guindy,9000,600,5400000,8100000
H8382256,Chepauk,4000,700,2800000,4200000
M71456,Mylapore,4000,600,2400000,3600000
V737465897865716582123,Anna Nagar,7000,1000,7000000,10500000
H8382156,MG,2000,800,1600000,2400000
V737465897865716582100,Mandaveli,5000,200,1000000,1500000
B6578658387656873100,Porur,9000,900,8100000,12150000
C86765514,Poonthamalee,7000,600,4200000,6300000
D8448720,Guindy,1000,600,600000,900000
H1080970572,Chepauk,5000,700,3500000,5250000
H1267674368,Mylapore,8000,600,4800000,7200000
L736879257,Anna Nagar,9000,400,3600000,5400000
H8382257,MG,6000,100,600000,900000
H1194732212,Mandaveli,3000,300,900000,1350000
H376432512,Porur,1000,900,900000,1350000
L736879257,Poonthamalee,9000,200,1800000,2700000
H8382257,Banrutti,6000,600,3600000,5400000
M71457,Guindy,6000,600,3600000,5400000
V737465897865716582123,Chepauk,1000,700,700000,1050000
H8382157,Mylapore,9000,1000,9000000,13500000
V737465897865716582100,Anna Nagar,1000,300,300000,450000
B6578658387656873100,MG,5000,400,2000000,3000000
C86765515,Mandaveli,3000,800,2400000,3600000
D8448721,Porur,2000,100,200000,300000
H1454378164,Poonthamalee,2000,900,1800000,2700000
H1641081960,Guindy,5000,600,3000000,4500000
L736879258,Chepauk,9000,800,7200000,10800000
H8382258,Mylapore,8000,1000,8000000,12000000
H441867188,Anna Nagar,8000,500,4000000,6000000
H1260166888,MG,4000,900,3600000,5400000
L736879258,Mandaveli,9000,800,7200000,10800000
H8382258,Porur,8000,700,5600000,8400000
M71458,Poonthamalee,3000,600,1800000,2700000
V737465897865716582123,Banrutti,8000,500,4000000,6000000
H8382158,Guindy,5000,100,500000,750000
V737465897865716582100,Chepauk,3000,100,300000,450000
B6578658387656873100,Mylapore,4000,500,2000000,3000000
C86765516,Anna Nagar,4000,600,2400000,3600000
D8448722,MG,6000,900,5400000,8100000
H1827785756,Mandaveli,1000,1000,1000000,1500000
H2014489552,Porur,2000,100,200000,300000
L736879259,Poonthamalee,2000,500,1000000,1500000
H8382259,Guindy,2000,1000,2000000,3000000
H2078466588,Chepauk,9000,300,2700000,4050000
H1398201008,Mylapore,2000,600,1200000,1800000
L736879259,Anna Nagar,9000,1000,9000000,13500000
H8382259,MG,4000,500,2000000,3000000
M71459,Mandaveli,9000,800,7200000,10800000
V737465897865716582123,Porur,6000,1000,6000000,9000000
H8382159,Poonthamalee,6000,900,5400000,8100000
V737465897865716582100,Banrutti,1000,400,400000,600000
B6578658387656873100,Guindy,7000,300,2100000,3150000
C86765517,Chepauk,1000,100,100000,150000
D8448723,Mylapore,6000,300,1800000,2700000
H2201193348,Anna Nagar,3000,700,2100000,3150000
H2387897144,MG,7000,800,5600000,8400000
L736879260,Mandaveli,7000,800,5600000,8400000
H8382260,Porur,4000,900,3600000,5400000
H579901308,Poonthamalee,8000,600,4800000,7200000
H238398392,Guindy,3000,100,300000,450000
L736879260,Chepauk,6000,200,1200000,1800000
H8382260,Mylapore,4000,600,2400000,3600000
M71460,Anna Nagar,7000,900,6300000,9450000
V737465897865716582123,MG,2000,500,1000000,1500000
H8382160,Mandaveli,6000,800,4800000,7200000
V737465897865716582100,Porur,3000,700,2100000,3150000
B6578658387656873100,Poonthamalee,3000,400,1200000,1800000
C86765518,Banrutti,1000,1000,1000000,1500000
D8448724,Guindy,4000,800,3200000,4800000
H2574600940,Chepauk,3000,1000,3000000,4500000
H2761304736,Mylapore,9000,1000,9000000,13500000
L736879261,Anna Nagar,8000,700,5600000,8400000
H8382261,MG,8000,900,7200000,10800000
H1056698092,Mandaveli,1000,200,200000,300000
H1874997792,Porur,3000,200,600000,900000
L736879261,Poonthamalee,7000,800,5600000,8400000
H8382261,Guindy,3000,400,1200000,1800000
M71461,Chepauk,7000,300,2100000,3150000
V737465897865716582123,Mylapore,5000,400,2000000,3000000
H8382161,Anna Nagar,7000,800,5600000,8400000
V737465897865716582100,MG,5000,1000,5000000,7500000
B6578658387656873100,Mandaveli,6000,400,2400000,3600000
C86765519,Porur,6000,700,4200000,6300000
D8448725,Poonthamalee,7000,500,3500000,5250000
H2948008532,Banrutti,8000,200,1600000,2400000
H3134712328,Guindy,7000,300,2100000,3150000
L736879262,Chepauk,3000,800,2400000,3600000
H8382262,Mylapore,7000,300,2100000,3150000
H1601669804,Anna Nagar,6000,300,1800000,2700000
H783370104,MG,4000,300,1200000,1800000
L736879262,Mandaveli,8000,300,2400000,3600000
H8382262,Porur,5000,900,4500000,6750000
M71462,Poonthamalee,7000,800,5600000,8400000
V737465897865716582123,Guindy,4000,100,400000,600000
H8382162,Chepauk,4000,800,3200000,4800000
V737465897865716582100,Mylapore,8000,800,6400000,9600000
B6578658387656873100,Anna Nagar,4000,1000,4000000,6000000
C86765520,MG,7000,700,4900000,7350000
D8448726,Mandaveli,2000,700,1400000,2100000
H3321416124,Porur,2000,100,200000,300000
H3508119920,Poonthamalee,7000,200,1400000,2100000
L736879263,Banrutti,7000,400,2800000,4200000
H8382263,Guindy,6000,800,4800000,7200000
H34929596,Chepauk,3000,200,600000,900000
H853229296,Mylapore,5000,400,2000000,3000000
L736879263,Anna Nagar,6000,800,4800000,7200000
H8382263,MG,3000,600,1800000,2700000
M71463,Mandaveli,7000,200,1400000,2100000
V737465897865716582123,Porur,2000,1000,2000000,3000000
H8382163,Poonthamalee,8000,100,800000,1200000
V737465897865716582100,Guindy,6000,900,5400000,8100000
B6578658387656873100,Chepauk,4000,800,3200000,4800000
C86765521,Mylapore,4000,900,3600000,5400000
D8448727,Anna Nagar,4000,1000,4000000,6000000
H3694823716,MG,1000,1000,1000000,1500000
H413439784,Mandaveli,4000,1000,4000000,6000000
L736879264,Porur,1000,900,900000,1350000
H8382264,Poonthamalee,1000,400,400000,600000
H1671528996,Banrutti,9000,700,6300000,9450000
H1805138600,Guindy,8000,300,2400000,3600000
L736879264,Chepauk,9000,100,900000,1350000
H8382264,Mylapore,3000,800,2400000,3600000
M71464,Anna Nagar,4000,800,3200000,4800000
V737465897865716582123,MG,1000,100,100000,150000
H8382164,Mandaveli,6000,800,4800000,7200000
V737465897865716582100,Porur,5000,900,4500000,6750000
B6578658387656873100,Poonthamalee,9000,700,6300000,9450000
C86765522,Guindy,1000,400,400000,600000
D8448728,Chepauk,4000,600,2400000,3600000
H226735988,Mylapore,8000,500,4000000,6000000
H40032192,Anna Nagar,8000,300,2400000,3600000
L736879265,MG,4000,900,3600000,5400000
H8382265,Mandaveli,9000,700,6300000,9450000
H986838900,Porur,2000,600,1200000,1800000
H168539200,Poonthamalee,7000,500,3500000,5250000
L736879265,Banrutti,7000,600,4200000,6300000
H8382265,Guindy,8000,400,3200000,4800000
M71465,Chepauk,7000,300,2100000,3150000
V737465897865716582123,Mylapore,1000,600,600000,900000
H8382165,Anna Nagar,3000,200,600000,900000
V737465897865716582100,MG,8000,900,7200000,10800000
B6578658387656873100,Mandaveli,7000,600,4200000,6300000
C86765523,Porur,4000,400,1600000,2400000
D8448729,Poonthamalee,3000,1000,3000000,4500000
H146671604,Guindy,5000,700,3500000,5250000
H333375400,Chepauk,4000,500,2000000,3000000
L736879266,Mylapore,6000,100,600000,900000
H8382266,Anna Nagar,6000,100,600000,900000
H649760500,MG,6000,1000,6000000,9000000
H1468060200,Mandaveli,8000,1000,8000000,12000000
L736879266,Porur,1000,300,300000,450000
H8382266,Poonthamalee,5000,200,1000000,1500000
M71466,Banrutti,2000,900,1800000,2700000
V737465897865716582123,Guindy,1000,100,100000,150000
H8382166,Chepauk,6000,800,4800000,7200000
V737465897865716582100,Mylapore,4000,600,2400000,3600000
B6578658387656873100,Anna Nagar,6000,600,3600000,5400000
C86765524,MG,7000,700,4900000,7350000
D8448730,Mandaveli,3000,100,300000,450000
H520079196,Porur,4000,600,2400000,3600000
H706782992,Poonthamalee,7000,100,700000,1050000
L736879267,Guindy,5000,700,3500000,5250000
H8382267,Chepauk,3000,100,300000,450000
H2008607396,Mylapore,6000,700,4200000,6300000
H1190307696,Anna Nagar,4000,200,800000,1200000
L736879267,MG,2000,800,1600000,2400000
H8382267,Mandaveli,3000,900,2700000,4050000
M71467,Porur,2000,900,1800000,2700000
V737465897865716582123,Poonthamalee,4000,300,1200000,1800000
H8382167,Banrutti,4000,600,2400000,3600000
V737465897865716582100,Guindy,1000,400,400000,600000
B6578658387656873100,Chepauk,8000,1000,8000000,12000000
C86765525,Mylapore,2000,400,800000,1200000
D8448731,Anna Nagar,2000,400,800000,1200000
H893486788,MG,5000,200,1000000,1500000
H1080190584,Mandaveli,9000,500,4500000,6750000
L736879268,Porur,6000,700,4200000,6300000
H8382268,Poonthamalee,6000,700,4200000,6300000
H372007996,Guindy,2000,900,1800000,2700000
H446291704,Chepauk,3000,1000,3000000,4500000
L736879268,Mylapore,9000,800,7200000,10800000
H8382268,Anna Nagar,3000,1000,3000000,4500000
M71468,MG,8000,400,3200000,4800000
V737465897865716582123,Mandaveli,9000,300,2700000,4050000
H8382168,Porur,8000,1000,8000000,12000000
V737465897865716582100,Poonthamalee,2000,1000,2000000,3000000
B6578658387656873100,Banrutti,6000,400,2400000,3600000
C86765526,Guindy,7000,800,5600000,8400000
D8448732,Chepauk,7000,100,700000,1050000
H1266894380,Mylapore,8000,900,7200000,10800000
H1453598176,Anna Nagar,2000,1000,2000000,3000000
L736879269,MG,5000,600,3000000,4500000
H8382269,Mandaveli,5000,800,4000000,6000000
H1264591404,Porur,9000,800,7200000,10800000
H2082891104,Poonthamalee,6000,600,3600000,5400000
L736879269,Guindy,4000,600,2400000,3600000
H8382269,Chepauk,9000,900,8100000,12150000
M71469,Mylapore,5000,300,1500000,2250000
V737465897865716582123,Anna Nagar,1000,700,700000,1050000
H8382169,MG,7000,200,1400000,2100000
V737465897865716582100,Mandaveli,4000,700,2800000,4200000
B6578658387656873100,Porur,4000,800,3200000,4800000
C86765527,Poonthamalee,4000,300,1200000,1800000
D8448733,Banrutti,1000,100,100000,150000
H1640301972,Guindy,6000,500,3000000,4500000
H1827005768,Chepauk,1000,800,800000,1200000
L736879270,Mylapore,2000,800,1600000,2400000
H8382270,Anna Nagar,3000,800,2400000,3600000
H1393776492,MG,8000,600,4800000,7200000
H575476792,Mandaveli,4000,1000,4000000,6000000
L736879270,Porur,2000,600,1200000,1800000
H8382270,Poonthamalee,5000,500,2500000,3750000
M71470,Guindy,6000,700,4200000,6300000
V737465897865716582123,Chepauk,7000,900,6300000,9450000
H8382170,Mylapore,8000,200,1600000,2400000
V737465897865716582100,Anna Nagar,8000,100,800000,1200000
B6578658387656873100,MG,2000,100,200000,300000
C86765528,Mandaveli,5000,800,4000000,6000000
D8448734,Porur,6000,100,600000,900000
H2013709564,Poonthamalee,1000,300,300000,450000
H2200413360,Banrutti,5000,500,2500000,3750000
L736879271,Guindy,6000,700,4200000,6300000
H8382271,Chepauk,8000,100,800000,1200000
H242822908,Mylapore,7000,300,2100000,3150000
H1061122608,Anna Nagar,5000,700,3500000,5250000
L736879271,MG,6000,900,5400000,8100000
H8382271,Mandaveli,8000,400,3200000,4800000
M71471,Porur,1000,300,300000,450000
V737465897865716582123,Poonthamalee,4000,600,2400000,3600000
H8382171,Guindy,5000,900,4500000,6750000
V737465897865716582100,Chepauk,3000,1000,3000000,4500000
B6578658387656873100,Mylapore,1000,200,200000,300000
C86765529,Anna Nagar,2000,800,1600000,2400000
D8448735,MG,3000,400,1200000,1800000
H2387117156,Mandaveli,9000,900,8100000,12150000
H2573820952,Porur,7000,300,2100000,3150000
L736879272,Poonthamalee,4000,200,800000,1200000
H8382272,Banrutti,8000,500,4000000,6000000
H1879422308,Guindy,6000,300,1800000,2700000
H1597245288,Chepauk,8000,700,5600000,8400000
L736879272,Mylapore,9000,700,6300000,9450000
H8382272,Anna Nagar,4000,500,2000000,3000000
M71472,MG,5000,500,2500000,3750000
V737465897865716582123,Mandaveli,6000,100,600000,900000
H8382172,Porur,7000,400,2800000,4200000
V737465897865716582100,Poonthamalee,3000,800,2400000,3600000
B6578658387656873100,Guindy,7000,600,4200000,6300000
C86765530,Chepauk,1000,200,200000,300000
D8448736,Mylapore,6000,1000,6000000,9000000
H2760524748,Anna Nagar,6000,1000,6000000,9000000
H2947228544,MG,1000,900,900000,1350000
L736879273,Mandaveli,9000,700,6300000,9450000
H8382273,Porur,5000,200,1000000,1500000
H778945588,Poonthamalee,6000,100,600000,900000
H39354112,Banrutti,5000,800,4000000,6000000
L736879273,Guindy,3000,900,2700000,4050000
H8382273,Chepauk,2000,900,1800000,2700000
M71473,Mylapore,6000,200,1200000,1800000
V737465897865716582123,Anna Nagar,4000,900,3600000,5400000
H8382173,MG,8000,800,6400000,9600000
V737465897865716582100,Mandaveli,8000,900,7200000,10800000
B6578658387656873100,Porur,6000,500,3000000,4500000
C86765531,Poonthamalee,3000,200,600000,900000
D8448737,Guindy,4000,200,800000,1200000
H3133932340,Chepauk,2000,300,600000,900000
H3320636136,Mylapore,9000,600,5400000,8100000
L736879274,Anna Nagar,7000,300,2100000,3150000
H8382274,MG,2000,500,1000000,1500000
H857653812,Mandaveli,2000,700,1400000,2100000
H1675953512,Porur,8000,800,6400000,9600000
L736879274,Poonthamalee,5000,100,500000,750000
H8382274,Banrutti,5000,1000,5000000,7500000
M71474,Guindy,1000,500,500000,750000
V737465897865716582123,Chepauk,8000,300,2400000,3600000
H8382174,Mylapore,8000,1000,8000000,12000000
V737465897865716582100,Anna Nagar,4000,100,400000,600000
B6578658387656873100,MG,7000,1000,7000000,10500000
C86765532,Mandaveli,4000,400,1600000,2400000
D8448738,Porur,2000,100,200000,300000
H3507339932,Poonthamalee,5000,200,1000000,1500000
H3694043728,Guindy,3000,100,300000,450000
L736879275,Chepauk,4000,500,2000000,3000000
H8382275,Mylapore,3000,100,300000,450000
H1800714084,Anna Nagar,4000,100,400000,600000
H982414384,MG,6000,100,600000,900000
L736879275,Mandaveli,7000,100,700000,1050000
H8382275,Porur,9000,400,3600000,5400000
M71475,Poonthamalee,5000,500,2500000,3750000
V737465897865716582123,Banrutti,6000,900,5400000,8100000
H8382175,Guindy,8000,500,4000000,6000000
V737465897865716582100,Chepauk,1000,200,200000,300000
B6578658387656873100,Mylapore,5000,200,1000000,1500000
C86765533,Anna Nagar,6000,500,3000000,4500000
D8448739,MG,8000,900,7200000,10800000
H414219772,Mandaveli,6000,600,3600000,5400000
H227515976,Porur,3000,500,1500000,2250000
L736879276,Poonthamalee,2000,200,400000,600000
H8382276,Guindy,4000,300,1200000,1800000
H164114684,Chepauk,5000,300,1500000,2250000
H654185016,Mylapore,4000,600,2400000,3600000
L736879276,Anna Nagar,9000,600,5400000,8100000
H8382276,MG,9000,800,7200000,10800000
M71476,Mandaveli,4000,1000,4000000,6000000
V737465897865716582123,Porur,6000,600,3600000,5400000
H8382176,Poonthamalee,2000,1000,2000000,3000000
V737465897865716582100,Banrutti,3000,400,1200000,1800000
B6578658387656873100,Guindy,1000,600,600000,900000
C86765534,Chepauk,7000,1000,7000000,10500000
D8448740,Mylapore,9000,400,3600000,5400000
H40812180,Anna Nagar,4000,600,2400000,3600000
H145891616,MG,5000,100,500000,750000
L736879277,Mandaveli,4000,800,3200000,4800000
H8382277,Porur,9000,1000,9000000,13500000
H1472484716,Poonthamalee,2000,300,600000,900000
H2004182880,Guindy,2000,600,1200000,1800000
L736879277,Chepauk,8000,500,4000000,6000000
H8382277,Mylapore,3000,200,600000,900000
M71477,Anna Nagar,3000,1000,3000000,4500000
V737465897865716582123,MG,1000,1000,1000000,1500000
H8382177,Mandaveli,3000,600,1800000,2700000
V737465897865716582100,Porur,2000,1000,2000000,3000000
B6578658387656873100,Poonthamalee,7000,100,700000,1050000
C86765535,Banrutti,6000,500,3000000,4500000
D8448741,Guindy,5000,400,2000000,3000000
H332595412,Chepauk,5000,700,3500000,5250000
H519299208,Mylapore,6000,100,600000,900000
L736879278,Anna Nagar,6000,200,1200000,1800000
H8382278,MG,8000,100,800000,1200000
H1185883180,Mandaveli,4000,700,2800000,4200000
H367583480,Porur,4000,400,1600000,2400000
L736879278,Poonthamalee,5000,200,1000000,1500000
H8382278,Guindy,7000,500,3500000,5250000
M71478,Chepauk,4000,400,1600000,2400000
V737465897865716582123,Mylapore,3000,300,900000,1350000
H8382178,Anna Nagar,8000,400,3200000,4800000
V737465897865716582100,MG,7000,1000,7000000,10500000
B6578658387656873100,Mandaveli,9000,700,6300000,9450000
C86765536,Porur,8000,300,2400000,3600000
D8448742,Poonthamalee,8000,300,2400000,3600000
H706003004,Banrutti,2000,100,200000,300000
H892706800,Guindy,1000,700,700000,1050000
L736879279,Chepauk,5000,400,2000000,3000000
H8382279,Mylapore,5000,500,2500000,3750000
H450716220,Anna Nagar,9000,1000,9000000,13500000
H1269015920,MG,2000,200,400000,600000
L736879279,Mandaveli,8000,200,1600000,2400000
H8382279,Porur,4000,300,1200000,1800000
M71479,Poonthamalee,8000,200,1600000,2400000
V737465897865716582123,Guindy,6000,100,600000,900000
H8382179,Chepauk,1000,500,500000,750000
V737465897865716582100,Mylapore,9000,500,4500000,6750000
B6578658387656873100,Anna Nagar,3000,800,2400000,3600000
C86765537,MG,4000,1000,4000000,6000000
D8448743,Mandaveli,7000,500,3500000,5250000
H1079410596,Porur,3000,500,1500000,2250000
H1266114392,Poonthamalee,7000,600,4200000,6300000
L736879280,Banrutti,8000,800,6400000,9600000
H8382280,Guindy,3000,500,1500000,2250000
H2087315620,Chepauk,3000,200,600000,900000
H1389351976,Mylapore,8000,100,800000,1200000
L736879280,Anna Nagar,3000,300,900000,1350000
H8382280,MG,7000,300,2100000,3150000
M71480,Mandaveli,6000,1000,6000000,9000000
V737465897865716582123,Porur,5000,100,500000,750000
H8382180,Poonthamalee,2000,800,1600000,2400000
V737465897865716582100,Guindy,8000,100,800000,1200000
B6578658387656873100,Chepauk,4000,100,400000,600000
C86765538,Mylapore,1000,400,400000,600000
D8448744,Anna Nagar,3000,100,300000,450000
H1452818188,MG,9000,300,2700000,4050000
H1639521984,Mandaveli,6000,300,1800000,2700000
L736879281,Porur,6000,700,4200000,6300000
H8382281,Poonthamalee,2000,700,1400000,2100000
H571052276,Banrutti,8000,800,6400000,9600000
H247247424,Guindy,8000,400,3200000,4800000
L736879281,Chepauk,9000,1000,9000000,13500000
H8382281,Mylapore,4000,400,1600000,2400000
M71481,Anna Nagar,2000,400,800000,1200000
V737465897865716582123,MG,5000,800,4000000,6000000
H8382181,Mandaveli,3000,700,2100000,3150000
V737465897865716582100,Porur,3000,700,2100000,3150000
B6578658387656873100,Poonthamalee,3000,1000,3000000,4500000
C86765539,Guindy,6000,400,2400000,3600000
D8448745,Chepauk,1000,100,100000,150000
H1826225780,Mylapore,1000,500,500000,750000
H2012929576,Anna Nagar,2000,400,800000,1200000
L736879282,MG,7000,900,6300000,9450000
H8382282,Mandaveli,1000,800,800000,1200000
H1065547124,Porur,9000,200,1800000,2700000
H1883846824,Poonthamalee,6000,400,2400000,3600000
L736879282,Banrutti,7000,500,3500000,5250000
H8382282,Guindy,1000,600,600000,900000
M71482,Chepauk,5000,800,4000000,6000000
V737465897865716582123,Mylapore,3000,200,600000,900000
H8382182,Anna Nagar,4000,500,2000000,3000000
V737465897865716582100,MG,8000,500,4000000,6000000
B6578658387656873100,Mandaveli,5000,100,500000,750000
C86765540,Porur,7000,100,700000,1050000
D8448746,Poonthamalee,9000,1000,9000000,13500000
H2199633372,Guindy,5000,200,1000000,1500000
H2386337168,Chepauk,5000,200,1000000,1500000
L736879283,Mylapore,8000,300,2400000,3600000
H8382283,Anna Nagar,6000,700,4200000,6300000
H1592820772,MG,9000,300,2700000,4050000
H774521072,Mandaveli,2000,300,600000,900000
L736879283,Porur,4000,300,1200000,1800000
H8382283,Poonthamalee,5000,1000,5000000,7500000
M71483,Banrutti,5000,600,3000000,4500000
V737465897865716582123,Guindy,7000,800,5600000,8400000
H8382183,Chepauk,4000,100,400000,600000
V737465897865716582100,Mylapore,7000,900,6300000,9450000
B6578658387656873100,Anna Nagar,5000,200,1000000,1500000
C86765541,MG,3000,700,2100000,3150000
D8448747,Mandaveli,6000,900,5400000,8100000
H2573040964,Porur,5000,400,2000000,3000000
H2759744760,Poonthamalee,5000,200,1000000,1500000
L736879284,Guindy,1000,800,800000,1200000
H8382284,Chepauk,7000,1000,7000000,10500000
H43778628,Mylapore,3000,200,600000,900000
H862078328,Anna Nagar,9000,600,5400000,8100000
L736879284,MG,4000,700,2800000,4200000
H8382284,Mandaveli,5000,300,1500000,2250000
M71484,Porur,8000,1000,8000000,12000000
V737465897865716582123,Poonthamalee,2000,500,1000000,1500000
H8382184,Banrutti,7000,100,700000,1050000
V737465897865716582100,Guindy,1000,600,600000,900000
B6578658387656873100,Chepauk,2000,600,1200000,1800000
C86765542,Mylapore,6000,500,3000000,4500000
D8448748,Anna Nagar,3000,800,2400000,3600000
H2946448556,MG,7000,400,2800000,4200000
H3133152352,Mandaveli,8000,100,800000,1200000
L736879285,Porur,5000,800,4000000,6000000
H8382285,Poonthamalee,5000,200,1000000,1500000
H1680378028,Guindy,3000,400,1200000,1800000
H1796289568,Chepauk,7000,700,4900000,7350000
L736879285,Mylapore,1000,100,100000,150000
H8382285,Anna Nagar,9000,300,2700000,4050000
M71485,MG,5000,300,1500000,2250000
V737465897865716582123,Mandaveli,4000,200,800000,1200000
H8382185,Porur,4000,300,1200000,1800000
V737465897865716582100,Poonthamalee,2000,500,1000000,1500000
B6578658387656873100,Banrutti,2000,700,1400000,2100000
C86765543,Guindy,5000,600,3000000,4500000
D8448749,Chepauk,4000,200,800000,1200000
H3319856148,Mylapore,6000,1000,6000000,9000000
H3506559944,Anna Nagar,5000,100,500000,750000
L736879286,MG,5000,700,3500000,5250000
H8382286,Mandaveli,6000,400,2400000,3600000
H977989868,Porur,8000,800,6400000,9600000
H159690168,Poonthamalee,9000,1000,9000000,13500000
L736879286,Guindy,6000,200,1200000,1800000
H8382286,Chepauk,6000,100,600000,900000
M71486,Mylapore,3000,200,600000,900000
V737465897865716582123,Anna Nagar,8000,300,2400000,3600000
H8382186,MG,9000,100,900000,1350000
V737465897865716582100,Mandaveli,6000,600,3600000,5400000
B6578658387656873100,Porur,7000,900,6300000,9450000
C86765544,Poonthamalee,2000,900,1800000,2700000
D8448750,Banrutti,9000,800,7200000,10800000
H3693263740,Guindy,6000,400,2400000,3600000
H414999760,Chepauk,6000,800,4800000,7200000
L736879287,Mylapore,5000,1000,5000000,7500000
H8382287,Anna Nagar,4000,1000,4000000,6000000
H658609532,MG,5000,600,3000000,4500000
H1476909232,Mandaveli,1000,900,900000,1350000
L736879287,Porur,8000,800,6400000,9600000
H8382287,Poonthamalee,9000,700,6300000,9450000
M71487,Guindy,2000,100,200000,300000
V737465897865716582123,Chepauk,4000,500,2000000,3000000
H8382187,Mylapore,5000,800,4000000,6000000
V737465897865716582100,Anna Nagar,9000,200,1800000,2700000
B6578658387656873100,MG,1000,200,200000,300000
C86765545,Mandaveli,9000,500,4500000,6750000
D8448751,Porur,1000,800,800000,1200000
H228295964,Poonthamalee,3000,600,1800000,2700000
H41592168,Banrutti,4000,300,1200000,1800000
L736879288,Guindy,8000,700,5600000,8400000
H8382288,Chepauk,7000,1000,7000000,10500000
H1999758364,Mylapore,3000,200,600000,900000
H1181458664,Anna Nagar,8000,900,7200000,10800000
L736879288,MG,6000,300,1800000,2700000
H8382288,Mandaveli,6000,100,600000,900000
M71488,Porur,4000,300,1200000,1800000
V737465897865716582123,Poonthamalee,6000,700,4200000,6300000
H8382188,Guindy,4000,400,1600000,2400000
V737465897865716582100,Chepauk,5000,900,4500000,6750000
B6578658387656873100,Mylapore,2000,200,400000,600000
C86765546,Anna Nagar,5000,900,4500000,6750000
D8448752,MG,2000,700,1400000,2100000
H145111628,Mandaveli,7000,100,700000,1050000
H331815424,Porur,3000,400,1200000,1800000
L736879289,Poonthamalee,5000,600,3000000,4500000
H8382289,Banrutti,2000,800,1600000,2400000
H363158964,Guindy,3000,700,2100000,3150000
H455140736,Chepauk,6000,500,3000000,4500000
L736879289,Mylapore,8000,400,3200000,4800000
H8382289,Anna Nagar,5000,500,2500000,3750000
M71489,MG,2000,100,200000,300000
V737465897865716582123,Mandaveli,4000,1000,4000000,6000000
H8382189,Porur,8000,800,6400000,9600000
V737465897865716582100,Poonthamalee,5000,900,4500000,6750000
B6578658387656873100,Guindy,9000,900,8100000,12150000
C86765547,Chepauk,9000,400,3600000,5400000
D8448753,Mylapore,6000,400,2400000,3600000
H518519220,Anna Nagar,7000,900,6300000,9450000
H705223016,MG,1000,400,400000,600000
L736879290,Mandaveli,2000,800,1600000,2400000
H8382290,Porur,6000,100,600000,900000
H1273440436,Poonthamalee,6000,300,1800000,2700000
H2091740136,Banrutti,3000,700,2100000,3150000
L736879290,Guindy,7000,100,700000,1050000
H8382290,Chepauk,1000,1000,1000000,1500000
M71490,Mylapore,5000,500,2500000,3750000
V737465897865716582123,Anna Nagar,7000,100,700000,1050000
H8382190,MG,3000,100,300000,450000
V737465897865716582100,Mandaveli,2000,1000,2000000,3000000
B6578658387656873100,Porur,8000,300,2400000,3600000
C86765548,Poonthamalee,8000,200,1600000,2400000
D8448754,Guindy,4000,600,2400000,3600000
H891926812,Chepauk,8000,900,7200000,10800000
H1078630608,Mylapore,9000,500,4500000,6750000
L736879291,Anna Nagar,5000,500,2500000,3750000
H8382291,MG,1000,700,700000,1050000
H1384927460,Mandaveli,5000,400,2000000,3000000
H566627760,Porur,1000,900,900000,1350000
L736879291,Poonthamalee,6000,800,4800000,7200000
H8382291,Banrutti,2000,400,800000,1200000
M71491,Guindy,1000,200,200000,300000
V737465897865716582123,Chepauk,1000,200,200000,300000
H8382191,Mylapore,5000,600,3000000,4500000
V737465897865716582100,Anna Nagar,8000,100,800000,1200000
B6578658387656873100,MG,8000,800,6400000,9600000
C86765549,Mandaveli,5000,900,4500000,6750000
D8448755,Porur,2000,200,400000,600000
H1265334404,Poonthamalee,6000,700,4200000,6300000
H1452038200,Guindy,2000,200,400000,600000
L736879292,Chepauk,4000,900,3600000,5400000
H8382292,Mylapore,3000,200,600000,900000
H251671940,Anna Nagar,7000,1000,7000000,10500000
H1069971640,MG,7000,100,700000,1050000
L736879292,Mandaveli,2000,600,1200000,1800000
H8382292,Porur,3000,200,600000,900000
M71492,Poonthamalee,8000,200,1600000,2400000
V737465897865716582123,Banrutti,4000,800,3200000,4800000
H8382192,Guindy,6000,500,3000000,4500000
V737465897865716582100,Chepauk,5000,1000,5000000,7500000
B6578658387656873100,Mylapore,5000,900,4500000,6750000
C86765550,Anna Nagar,4000,200,800000,1200000
D8448756,MG,1000,400,400000,600000
H1638741996,Mandaveli,8000,800,6400000,9600000
H1825445792,Porur,6000,400,2400000,3600000
L736879293,Poonthamalee,6000,700,4200000,6300000
H8382293,Guindy,5000,300,1500000,2250000
H1888271340,Chepauk,9000,100,900000,1350000
H1588396256,Mylapore,3000,400,1200000,1800000
L736879293,Anna Nagar,8000,600,4800000,7200000
H8382293,MG,5000,100,500000,750000
M71493,Mandaveli,6000,400,2400000,3600000
V737465897865716582123,Porur,9000,600,5400000,8100000
H8382193,Poonthamalee,6000,800,4800000,7200000
V737465897865716582100,Banrutti,6000,100,600000,900000
B6578658387656873100,Guindy,3000,700,2100000,3150000
C86765551,Chepauk,3000,100,300000,450000
D8448757,Mylapore,8000,500,4000000,6000000
H2012149588,Anna Nagar,9000,500,4500000,6750000
H2198853384,MG,8000,200,1600000,2400000
L736879294,Mandaveli,4000,1000,4000000,6000000
H8382294,Porur,2000,700,1400000,2100000
H770096556,Poonthamalee,3000,1000,3000000,4500000
H48203144,Guindy,2000,700,1400000,2100000
L736879294,Chepauk,1000,200,200000,300000
H8382294,Mylapore,5000,300,1500000,2250000
M71494,Anna Nagar,5000,1000,5000000,7500000
V737465897865716582123,MG,5000,300,1500000,2250000
H8382194,Mandaveli,3000,200,600000,900000
V737465897865716582100,Porur,8000,400,3200000,4800000
B6578658387656873100,Poonthamalee,7000,400,2800000,4200000
C86765552,Banrutti,5000,900,4500000,6750000
D8448758,Guindy,5000,800,4000000,6000000
H2385557180,Chepauk,4000,1000,4000000,6000000
H2572260976,Mylapore,4000,700,2800000,4200000
L736879295,Anna Nagar,5000,1000,5000000,7500000
H8382295,MG,6000,800,4800000,7200000
H866502844,Mandaveli,2000,800,1600000,2400000
H1684802544,Porur,6000,800,4800000,7200000
L736879295,Poonthamalee,3000,700,2100000,3150000
H8382295,Guindy,5000,300,1500000,2250000
M71495,Chepauk,4000,1000,4000000,6000000
V737465897865716582123,Mylapore,9000,900,8100000,12150000
H8382195,Anna Nagar,6000,300,1800000,2700000
V737465897865716582100,MG,7000,500,3500000,5250000
B6578658387656873100,Mandaveli,6000,700,4200000,6300000
C86765553,Porur,4000,500,2000000,3000000
D8448759,Poonthamalee,1000,700,700000,1050000
H2758964772,Banrutti,2000,200,400000,600000
H2945668568,Guindy,5000,200,1000000,1500000
L736879296,Chepauk,3000,400,1200000,1800000
H8382296,Mylapore,9000,200,1800000,2700000
H1791865052,Anna Nagar,3000,800,2400000,3600000
H973565352,MG,9000,600,5400000,8100000
L736879296,Mandaveli,4000,300,1200000,1800000
H8382296,Porur,6000,300,1800000,2700000
M71496,Poonthamalee,1000,700,700000,1050000
V737465897865716582123,Guindy,9000,300,2700000,4050000
H8382196,Chepauk,6000,800,4800000,7200000
V737465897865716582100,Mylapore,3000,500,1500000,2250000
B6578658387656873100,Anna Nagar,4000,600,2400000,3600000
C86765554,MG,7000,500,3500000,5250000
D8448760,Mandaveli,3000,100,300000,450000
H3132372364,Porur,6000,700,4200000,6300000
H3319076160,Poonthamalee,9000,200,1800000,2700000
L736879297,Banrutti,7000,1000,7000000,10500000
H8382297,Guindy,1000,1000,1000000,1500000
H155265652,Chepauk,7000,800,5600000,8400000
H663034048,Mylapore,9000,400,3600000,5400000
L736879297,Anna Nagar,2000,700,1400000,2100000
H8382297,MG,5000,300,1500000,2250000
M71497,Mandaveli,3000,500,1500000,2250000
V737465897865716582123,Porur,7000,100,700000,1050000
H8382197,Poonthamalee,4000,300,1200000,1800000
V737465897865716582100,Guindy,9000,700,6300000,9450000
B6578658387656873100,Chepauk,5000,500,2500000,3750000
C86765555,Mylapore,9000,400,3600000,5400000
D8448761,Anna Nagar,6000,100,600000,900000
H3505779956,MG,1000,800,800000,1200000
H3692483752,Mandaveli,6000,200,1200000,1800000
L736879298,Porur,1000,800,800000,1200000
H8382298,Poonthamalee,7000,600,4200000,6300000
H1481333748,Banrutti,6000,400,2400000,3600000
H1995333848,Guindy,3000,100,300000,450000
L736879298,Chepauk,8000,700,5600000,8400000
H8382298,Mylapore,1000,1000,1000000,1500000
M71498,Anna Nagar,8000,900,7200000,10800000
V737465897865716582123,MG,6000,200,1200000,1800000
H8382198,Mandaveli,1000,400,400000,600000
V737465897865716582100,Porur,2000,300,600000,900000
B6578658387656873100,Poonthamalee,9000,500,4500000,6750000
C86765556,Guindy,8000,800,6400000,9600000
D8448762,Chepauk,8000,300,2400000,3600000
H415779748,Mylapore,2000,200,400000,600000
H229075952,Anna Nagar,6000,800,4800000,7200000
L736879299,MG,4000,1000,4000000,6000000
H8382299,Mandaveli,9000,500,4500000,6750000
H1177034148,Porur,2000,200,400000,600000
H358734448,Poonthamalee,4000,800,3200000,4800000
L736879299,Banrutti,9000,100,900000,1350000
H8382299,Guindy,9000,1000,9000000,13500000
M71499,Chepauk,7000,1000,7000000,10500000
V737465897865716582123,Mylapore,6000,800,4800000,7200000
H8382199,Anna Nagar,8000,100,800000,1200000
V737465897865716582100,MG,7000,500,3500000,5250000
B6578658387656873100,Mandaveli,8000,100,800000,1200000
C86765557,Porur,7000,300,2100000,3150000
D8448763,Poonthamalee,9000,700,6300000,9450000
H42372156,Guindy,8000,200,1600000,2400000
H144331640,Chepauk,1000,100,100000,150000
L736879300,Mylapore,4000,400,1600000,2400000
H8382300,Anna Nagar,3000,200,600000,900000
H459565252,MG,4000,100,400000,600000
H1277864952,Mandaveli,8000,1000,8000000,12000000
L736879300,Porur,6000,200,1200000,1800000
H8382300,Poonthamalee,4000,400,1600000,2400000
M71500,Banrutti,2000,900,1800000,2700000
V737465897865716582123,Guindy,2000,600,1200000,1800000
H8382200,Chepauk,1000,100,100000,150000
V737465897865716582100,Mylapore,2000,800,1600000,2400000
B6578658387656873100,Anna Nagar,2000,600,1200000,1800000
C86765558,MG,9000,600,5400000,8100000
D8448764,Mandaveli,3000,400,1200000,1800000
H331035436,Porur,3000,200,600000,900000
H517739232,Poonthamalee,4000,400,1600000,2400000
L736879301,Guindy,4000,600,2400000,3600000
H8382301,Chepauk,2000,500,1000000,1500000
H2096164652,Mylapore,1000,400,400000,600000
H1380502944,Anna Nagar,3000,1000,3000000,4500000
L736879301,MG,4000,700,2800000,4200000
H8382301,Mandaveli,5000,100,500000,750000
M71501,Porur,4000,800,3200000,4800000
V737465897865716582123,Poonthamalee,4000,100,400000,600000
H8382201,Banrutti,5000,1000,5000000,7500000
V737465897865716582100,Guindy,6000,600,3600000,5400000
B6578658387656873100,Chepauk,7000,600,4200000,6300000
C86765559,Mylapore,4000,700,2800000,4200000
D8448765,Anna Nagar,7000,800,5600000,8400000
H704443028,MG,7000,400,2800000,4200000
H891146824,Mandaveli,9000,600,5400000,8100000
L736879302,Porur,2000,300,600000,900000
H8382302,Poonthamalee,3000,400,1200000,1800000
H562203244,Guindy,4000,700,2800000,4200000
H256096456,Chepauk,2000,500,1000000,1500000
L736879302,Mylapore,7000,200,1400000,2100000
H8382302,Anna Nagar,3000,100,300000,450000
M71502,MG,7000,400,2800000,4200000
V737465897865716582123,Mandaveli,8000,1000,8000000,12000000
H8382202,Porur,1000,1000,1000000,1500000
V737465897865716582100,Poonthamalee,2000,1000,2000000,3000000
B6578658387656873100,Banrutti,5000,800,4000000,6000000
C86765560,Guindy,9000,200,1800000,2700000
D8448766,Chepauk,9000,500,4500000,6750000
H1077850620,Mylapore,6000,800,4800000,7200000
H1264554416,Anna Nagar,3000,200,600000,900000
L736879303,MG,5000,700,3500000,5250000
H8382303,Mandaveli,9000,400,3600000,5400000
H1074396156,Porur,1000,1000,1000000,1500000
H1892695856,Poonthamalee,7000,400,2800000,4200000
L736879303,Guindy,2000,600,1200000,1800000
H8382303,Chepauk,9000,600,5400000,8100000
M71503,Mylapore,6000,400,2400000,3600000
V737465897865716582123,Anna Nagar,1000,100,100000,150000
H8382203,MG,3000,500,1500000,2250000
V737465897865716582100,Mandaveli,8000,1000,8000000,12000000
B6578658387656873100,Porur,2000,800,1600000,2400000
C86765561,Poonthamalee,9000,200,1800000,2700000
D8448767,Banrutti,3000,1000,3000000,4500000
H1451258212,Guindy,7000,600,4200000,6300000
H1637962008,Chepauk,1000,300,300000,450000
L736879304,Mylapore,7000,900,6300000,9450000
H8382304,Anna Nagar,4000,600,2400000,3600000
H1583971740,MG,1000,700,700000,1050000
H765672040,Mandaveli,5000,700,3500000,5250000
L736879304,Porur,9000,100,900000,1350000
H8382304,Poonthamalee,3000,1000,3000000,4500000
M71504,Guindy,8000,200,1600000,2400000
V737465897865716582123,Chepauk,1000,700,700000,1050000
H8382204,Mylapore,3000,900,2700000,4050000
V737465897865716582100,Anna Nagar,5000,1000,5000000,7500000
B6578658387656873100,MG,5000,900,4500000,6750000
C86765562,Mandaveli,6000,700,4200000,6300000
D8448768,Porur,8000,700,5600000,8400000
H1824665804,Poonthamalee,2000,700,1400000,2100000
H2011369600,Banrutti,4000,400,1600000,2400000
L736879305,Guindy,5000,200,1000000,1500000
H8382305,Chepauk,3000,800,2400000,3600000
H52627660,Mylapore,9000,500,4500000,6750000
H870927360,Anna Nagar,2000,900,1800000,2700000
L736879305,MG,6000,600,3600000,5400000
H8382305,Mandaveli,3000,100,300000,450000
M71505,Porur,4000,700,2800000,4200000
V737465897865716582123,Poonthamalee,3000,800,2400000,3600000
H8382205,Guindy,1000,200,200000,300000
V737465897865716582100,Chepauk,1000,600,600000,900000
B6578658387656873100,Mylapore,2000,500,1000000,1500000
C86765563,Anna Nagar,5000,200,1000000,1500000
D8448769,MG,6000,800,4800000,7200000
H2198073396,Mandaveli,6000,300,1800000,2700000
H2384777192,Porur,3000,600,1800000,2700000
L736879306,Poonthamalee,8000,900,7200000,10800000
H8382306,Banrutti,6000,1000,6000000,9000000
H1689227060,Guindy,5000,900,4500000,6750000
H1787440536,Chepauk,5000,800,4000000,6000000
L736879306,Mylapore,6000,800,4800000,7200000
H8382306,Anna Nagar,3000,800,2400000,3600000
M71506,MG,9000,1000,9000000,13500000
V737465897865716582123,Mandaveli,7000,700,4900000,7350000
H8382206,Porur,4000,400,1600000,2400000
V737465897865716582100,Poonthamalee,2000,500,1000000,1500000
B6578658387656873100,Guindy,7000,500,3500000,5250000
C86765564,Chepauk,6000,900,5400000,8100000
D8448770,Mylapore,9000,1000,9000000,13500000
H2571480988,Anna Nagar,6000,500,3000000,4500000
H2758184784,MG,5000,900,4500000,6750000
L736879307,Mandaveli,6000,500,3000000,4500000
H8382307,Porur,6000,700,4200000,6300000
H969140836,Poonthamalee,7000,100,700000,1050000
H150841136,Banrutti,6000,300,1800000,2700000
L736879307,Guindy,5000,1000,5000000,7500000
H8382307,Chepauk,2000,200,400000,600000
M71507,Mylapore,7000,200,1400000,2100000
V737465897865716582123,Anna Nagar,9000,200,1800000,2700000
H8382207,MG,2000,400,800000,1200000
V737465897865716582100,Mandaveli,4000,700,2800000,4200000
B6578658387656873100,Porur,8000,100,800000,1200000
C86765565,Poonthamalee,5000,600,3000000,4500000
D8448771,Guindy,6000,1000,6000000,9000000
H2944888580,Chepauk,5000,100,500000,750000
H3131592376,Mylapore,9000,600,5400000,8100000
L736879308,Anna Nagar,3000,900,2700000,4050000
H8382308,MG,2000,100,200000,300000
H667458564,Mandaveli,3000,200,600000,900000
H1485758264,Porur,1000,800,800000,1200000
L736879308,Poonthamalee,6000,600,3600000,5400000
H8382308,Banrutti,9000,200,1800000,2700000
M71508,Guindy,7000,100,700000,1050000
V737465897865716582123,Chepauk,8000,300,2400000,3600000
H8382208,Mylapore,7000,800,5600000,8400000
V737465897865716582100,Anna Nagar,3000,800,2400000,3600000
B6578658387656873100,MG,8000,800,6400000,9600000
C86765566,Mandaveli,7000,200,1400000,2100000
D8448772,Porur,4000,1000,4000000,6000000
H3318296172,Poonthamalee,1000,900,900000,1350000
H3504999968,Guindy,1000,300,300000,450000
L736879309,Chepauk,5000,700,3500000,5250000
H8382309,Mylapore,9000,600,5400000,8100000
H1990909332,Anna Nagar,1000,300,300000,450000
H1172609632,MG,4000,800,3200000,4800000
L736879309,Mandaveli,6000,300,1800000,2700000
H8382309,Porur,7000,600,4200000,6300000
M71509,Poonthamalee,2000,700,1400000,2100000
V737465897865716582123,Banrutti,6000,100,600000,900000
H8382209,Guindy,9000,900,8100000,12150000
V737465897865716582100,Chepauk,2000,300,600000,900000
B6578658387656873100,Mylapore,2000,100,200000,300000
C86765567,Anna Nagar,8000,1000,8000000,12000000
D8448773,MG,4000,1000,4000000,6000000
H3691703764,Mandaveli,1000,500,500000,750000
H416559736,Porur,9000,500,4500000,6750000
L736879310,Poonthamalee,1000,100,100000,150000
H8382310,Guindy,2000,100,200000,300000
H354309932,Chepauk,1000,700,700000,1050000
H463989768,Mylapore,4000,600,2400000,3600000
L736879310,Anna Nagar,7000,400,2800000,4200000
H8382310,MG,6000,400,2400000,3600000
M71510,Mandaveli,7000,600,4200000,6300000
V737465897865716582123,Porur,2000,100,200000,300000
H8382210,Poonthamalee,9000,100,900000,1350000
V737465897865716582100,Banrutti,1000,1000,1000000,1500000
B6578658387656873100,Guindy,9000,1000,9000000,13500000
C86765568,Chepauk,2000,600,1200000,1800000
D8448774,Mylapore,6000,200,1200000,1800000
H229855940,Anna Nagar,8000,600,4800000,7200000
H43152144,MG,8000,200,1600000,2400000
L736879311,Mandaveli,4000,1000,4000000,6000000
H8382311,Porur,5000,600,3000000,4500000
H1282289468,Poonthamalee,1000,800,800000,1200000
H2100589168,Guindy,6000,400,2400000,3600000
L736879311,Chepauk,5000,700,3500000,5250000
H8382311,Mylapore,7000,500,3500000,5250000
M71511,Anna Nagar,3000,900,2700000,4050000
V737465897865716582123,MG,6000,500,3000000,4500000
H8382211,Mandaveli,5000,500,2500000,3750000
V737465897865716582100,Porur,3000,400,1200000,1800000
B6578658387656873100,Poonthamalee,2000,800,1600000,2400000
C86765569,Banrutti,6000,100,600000,900000
D8448775,Guindy,6000,1000,6000000,9000000
H143551652,Chepauk,6000,600,3600000,5400000
H330255448,Mylapore,2000,900,1800000,2700000
L736879312,Anna Nagar,7000,500,3500000,5250000
H8382312,MG,9000,500,4500000,6750000
H1376078428,Mandaveli,6000,100,600000,900000
H557778728,Porur,3000,1000,3000000,4500000
L736879312,Poonthamalee,1000,300,300000,450000
H8382312,Guindy,9000,600,5400000,8100000
M71512,Chepauk,1000,1000,1000000,1500000
V737465897865716582123,Mylapore,7000,500,3500000,5250000
H8382212,Anna Nagar,5000,500,2500000,3750000
V737465897865716582100,MG,4000,400,1600000,2400000
B6578658387656873100,Mandaveli,4000,300,1200000,1800000
C86765570,Porur,5000,700,3500000,5250000
D8448776,Poonthamalee,6000,500,3000000,4500000
H516959244,Banrutti,9000,100,900000,1350000
H703663040,Guindy,5000,700,3500000,5250000
L736879313,Chepauk,2000,400,800000,1200000
H8382313,Mylapore,5000,800,4000000,6000000
H260520972,Anna Nagar,6000,700,4200000,6300000
H1078820672,MG,1000,200,200000,300000
L736879313,Mandaveli,3000,600,1800000,2700000
H8382313,Porur,6000,600,3600000,5400000
M71513,Poonthamalee,2000,1000,2000000,3000000
V737465897865716582123,Guindy,3000,500,1500000,2250000
H8382213,Chepauk,3000,500,1500000,2250000
V737465897865716582100,Mylapore,1000,500,500000,750000
B6578658387656873100,Anna Nagar,6000,700,4200000,6300000
C86765571,MG,3000,1000,3000000,4500000
D8448777,Mandaveli,1000,800,800000,1200000
H890366836,Porur,8000,200,1600000,2400000
H1077070632,Poonthamalee,7000,700,4900000,7350000
L736879314,Banrutti,4000,300,1200000,1800000
H8382314,Guindy,2000,100,200000,300000
H1897120372,Chepauk,2000,100,200000,300000
H1579547224,Mylapore,2000,1000,2000000,3000000
L736879314,Anna Nagar,7000,1000,7000000,10500000
H8382314,MG,8000,1000,8000000,12000000
M71514,Mandaveli,2000,800,1600000,2400000
V737465897865716582123,Porur,9000,500,4500000,6750000
H8382214,Poonthamalee,6000,1000,6000000,9000000
V737465897865716582100,Guindy,7000,800,5600000,8400000
B6578658387656873100,Chepauk,4000,400,1600000,2400000
C86765572,Mylapore,8000,700,5600000,8400000
D8448778,Anna Nagar,7000,500,3500000,5250000
H1263774428,MG,4000,400,1600000,2400000
H1450478224,Mandaveli,9000,1000,9000000,13500000
L736879315,Porur,7000,800,5600000,8400000
H8382315,Poonthamalee,6000,900,5400000,8100000
H761247524,Banrutti,5000,500,2500000,3750000
H57052176,Guindy,1000,1000,1000000,1500000
L736879315,Chepauk,7000,800,5600000,8400000
H8382315,Mylapore,5000,600,3000000,4500000
M71515,Anna Nagar,4000,100,400000,600000
V737465897865716582123,MG,2000,600,1200000,1800000
H8382215,Mandaveli,8000,400,3200000,4800000
V737465897865716582100,Porur,8000,700,5600000,8400000
B6578658387656873100,Poonthamalee,7000,800,5600000,8400000
C86765573,Guindy,8000,800,6400000,9600000
D8448779,Chepauk,5000,800,4000000,6000000
H1637182020,Mylapore,3000,100,300000,450000
H1823885816,Anna Nagar,5000,300,1500000,2250000
L736879316,MG,6000,500,3000000,4500000
H8382316,Mandaveli,8000,100,800000,1200000
H875351876,Porur,5000,200,1000000,1500000
H1693651576,Poonthamalee,5000,1000,5000000,7500000
L736879316,Banrutti,8000,600,4800000,7200000
H8382316,Guindy,8000,1000,8000000,12000000
M71516,Chepauk,1000,300,300000,450000
V737465897865716582123,Mylapore,1000,200,200000,300000
H8382216,Anna Nagar,2000,900,1800000,2700000
V737465897865716582100,MG,6000,800,4800000,7200000
B6578658387656873100,Mandaveli,3000,200,600000,900000
C86765574,Porur,3000,400,1200000,1800000
D8448780,Poonthamalee,4000,300,1200000,1800000
H2010589612,Guindy,2000,800,1600000,2400000
H2197293408,Chepauk,5000,200,1000000,1500000
L736879317,Mylapore,2000,900,1800000,2700000
H8382317,Anna Nagar,7000,600,4200000,6300000
H1783016020,MG,3000,300,900000,1350000
H964716320,Mandaveli,5000,400,2000000,3000000
L736879317,Porur,8000,900,7200000,10800000
H8382317,Poonthamalee,3000,400,1200000,1800000
M71517,Banrutti,3000,500,1500000,2250000
V737465897865716582123,Guindy,3000,300,900000,1350000
H8382217,Chepauk,1000,400,400000,600000
V737465897865716582100,Mylapore,6000,600,3600000,5400000
B6578658387656873100,Anna Nagar,2000,800,1600000,2400000
C86765575,MG,3000,800,2400000,3600000
D8448781,Mandaveli,1000,300,300000,450000
H2383997204,Porur,6000,200,1200000,1800000
H2570701000,Poonthamalee,4000,800,3200000,4800000
L736879318,Guindy,7000,800,5600000,8400000
H8382318,Chepauk,6000,500,3000000,4500000
H146416620,Mylapore,5000,300,1500000,2250000
H671883080,Anna Nagar,2000,700,1400000,2100000
L736879318,MG,1000,100,100000,150000
H8382318,Mandaveli,8000,500,4000000,6000000
M71518,Porur,2000,800,1600000,2400000
V737465897865716582123,Poonthamalee,3000,100,300000,450000
H8382218,Banrutti,3000,400,1200000,1800000
V737465897865716582100,Guindy,9000,600,5400000,8100000
B6578658387656873100,Chepauk,3000,1000,3000000,4500000
C86765576,Mylapore,3000,300,900000,1350000
D8448782,Anna Nagar,4000,400,1600000,2400000
H2757404796,MG,8000,600,4800000,7200000
H2944108592,Mandaveli,7000,400,2800000,4200000
L736879319,Porur,1000,600,600000,900000
H8382319,Poonthamalee,9000,900,8100000,12150000
H1490182780,Guindy,8000,500,4000000,6000000
H1986484816,Chepauk,4000,500,2000000,3000000
L736879319,Mylapore,5000,1000,5000000,7500000
H8382319,Anna Nagar,7000,700,4900000,7350000
M71519,MG,1000,500,500000,750000
V737465897865716582123,Mandaveli,8000,500,4000000,6000000
H8382219,Porur,8000,100,800000,1200000
V737465897865716582100,Poonthamalee,6000,600,3600000,5400000
B6578658387656873100,Banrutti,1000,300,300000,450000
C86765577,Guindy,1000,300,300000,450000
D8448783,Chepauk,8000,200,1600000,2400000
H3130812388,Mylapore,4000,800,3200000,4800000
H3317516184,Anna Nagar,5000,400,2000000,3000000
L736879320,MG,1000,600,600000,900000
H8382320,Mandaveli,5000,500,2500000,3750000
H1168185116,Porur,8000,300,2400000,3600000
H349885416,Poonthamalee,5000,800,4000000,6000000
L736879320,Guindy,6000,600,3600000,5400000
H8382320,Chepauk,6000,400,2400000,3600000
M71520,Mylapore,8000,100,800000,1200000
V737465897865716582123,Anna Nagar,3000,800,2400000,3600000
H8382220,MG,9000,900,8100000,12150000
V737465897865716582100,Mandaveli,9000,900,8100000,12150000
B6578658387656873100,Porur,2000,200,400000,600000
C86765578,Poonthamalee,9000,1000,9000000,13500000
D8448784,Banrutti,4000,700,2800000,4200000
H3504219980,Guindy,6000,1000,6000000,9000000
H3690923776,Chepauk,7000,500,3500000,5250000
L736879321,Mylapore,9000,100,900000,1350000
H8382321,Anna Nagar,6000,900,5400000,8100000
H468414284,MG,3000,900,2700000,4050000
H1286713984,Mandaveli,8000,500,4000000,6000000
L736879321,Porur,2000,600,1200000,1800000
H8382321,Poonthamalee,8000,300,2400000,3600000
M71521,Guindy,7000,100,700000,1050000
V737465897865716582123,Chepauk,1000,200,200000,300000
H8382221,Mylapore,1000,800,800000,1200000
V737465897865716582100,Anna Nagar,6000,900,5400000,8100000
B6578658387656873100,MG,6000,300,1800000,2700000
C86765579,Mandaveli,7000,500,3500000,5250000
D8448785,Porur,5000,200,1000000,1500000
H417339724,Poonthamalee,6000,100,600000,900000
H230635928,Banrutti,4000,700,2800000,4200000
L736879322,Guindy,7000,700,4900000,7350000
H8382322,Chepauk,7000,900,6300000,9450000
H2105013684,Mylapore,1000,600,600000,900000
H1371653912,Anna Nagar,8000,600,4800000,7200000
L736879322,MG,4000,300,1200000,1800000
H8382322,Mandaveli,6000,100,600000,900000
M71522,Porur,4000,500,2000000,3000000
V737465897865716582123,Poonthamalee,9000,500,4500000,6750000
H8382222,Guindy,9000,700,6300000,9450000
V737465897865716582100,Chepauk,4000,600,2400000,3600000
B6578658387656873100,Mylapore,7000,300,2100000,3150000
C86765580,Anna Nagar,5000,200,1000000,1500000
D8448786,MG,6000,1000,6000000,9000000
H43932132,Mandaveli,5000,500,2500000,3750000
H142771664,Porur,9000,1000,9000000,13500000
L736879323,Poonthamalee,8000,500,4000000,6000000
H8382323,Banrutti,7000,1000,7000000,10500000
H553354212,Guindy,3000,300,900000,1350000
H264945488,Chepauk,3000,800,2400000,3600000
L736879323,Mylapore,6000,100,600000,900000
H8382323,Anna Nagar,1000,600,600000,900000
M71523,MG,2000,1000,2000000,3000000
V737465897865716582123,Mandaveli,9000,600,5400000,8100000
H8382223,Porur,3000,500,1500000,2250000
V737465897865716582100,Poonthamalee,7000,700,4900000,7350000
B6578658387656873100,Guindy,8000,400,3200000,4800000
C86765581,Chepauk,4000,900,3600000,5400000
D8448787,Mylapore,2000,1000,2000000,3000000
H329475460,Anna Nagar,5000,300,1500000,2250000
H516179256,MG,3000,100,300000,450000
L736879324,Mandaveli,5000,100,500000,750000
H8382324,Porur,1000,400,400000,600000
H1083245188,Poonthamalee,2000,800,1600000,2400000
H1901544888,Banrutti,5000,400,2000000,3000000
L736879324,Guindy,7000,100,700000,1050000
H8382324,Chepauk,4000,900,3600000,5400000
M71524,Mylapore,2000,200,400000,600000
V737465897865716582123,Anna Nagar,3000,200,600000,900000
H8382224,MG,1000,800,800000,1200000
V737465897865716582100,Mandaveli,5000,800,4000000,6000000
B6578658387656873100,Porur,3000,300,900000,1350000
C86765582,Poonthamalee,8000,500,4000000,6000000
D8448788,Guindy,6000,500,3000000,4500000
H702883052,Chepauk,9000,700,6300000,9450000
H889586848,Mylapore,6000,800,4800000,7200000
L736879325,Anna Nagar,9000,300,2700000,4050000
H8382325,MG,3000,100,300000,450000
H1575122708,Mandaveli,1000,1000,1000000,1500000
H756823008,Porur,5000,200,1000000,1500000
L736879325,Poonthamalee,7000,800,5600000,8400000
H8382325,Banrutti,5000,1000,5000000,7500000
M71525,Guindy,6000,700,4200000,6300000
V737465897865716582123,Chepauk,9000,500,4500000,6750000
H8382225,Mylapore,2000,400,800000,1200000
V737465897865716582100,Anna Nagar,2000,100,200000,300000
B6578658387656873100,MG,6000,200,1200000,1800000
C86765583,Mandaveli,8000,700,5600000,8400000
D8448789,Porur,5000,100,500000,750000
H1076290644,Poonthamalee,6000,900,5400000,8100000
H1262994440,Guindy,4000,700,2800000,4200000
L736879326,Chepauk,1000,600,600000,900000
H8382326,Mylapore,1000,300,300000,450000
H61476692,Anna Nagar,7000,900,6300000,9450000
H879776392,MG,5000,800,4000000,6000000
L736879326,Mandaveli,2000,900,1800000,2700000
H8382326,Porur,6000,300,1800000,2700000
M71526,Poonthamalee,7000,800,5600000,8400000
V737465897865716582123,Banrutti,7000,400,2800000,4200000
H8382226,Guindy,3000,1000,3000000,4500000
V737465897865716582100,Chepauk,2000,400,800000,1200000
B6578658387656873100,Mylapore,4000,100,400000,600000
C86765584,Anna Nagar,7000,400,2800000,4200000
D8448790,MG,9000,800,7200000,10800000
H1449698236,Mandaveli,5000,600,3000000,4500000
H1636402032,Porur,5000,800,4000000,6000000
L736879327,Poonthamalee,4000,400,1600000,2400000
H8382327,Guindy,9000,400,3600000,5400000
H1698076092,Chepauk,5000,400,2000000,3000000
H1778591504,Mylapore,1000,800,800000,1200000
L736879327,Anna Nagar,6000,100,600000,900000
H8382327,MG,6000,1000,6000000,9000000
M71527,Mandaveli,8000,300,2400000,3600000
V737465897865716582123,Porur,1000,200,200000,300000
H8382227,Poonthamalee,4000,600,2400000,3600000
V737465897865716582100,Banrutti,4000,300,1200000,1800000
B6578658387656873100,Guindy,2000,400,800000,1200000
C86765585,Chepauk,8000,400,3200000,4800000
D8448791,Mylapore,2000,400,800000,1200000
H1823105828,Anna Nagar,3000,200,600000,900000
H2009809624,MG,7000,300,2100000,3150000
L736879328,Mandaveli,8000,1000,8000000,12000000
H8382328,Porur,8000,500,4000000,6000000
H960291804,Poonthamalee,4000,500,2000000,3000000
H141992104,Guindy,8000,200,1600000,2400000
L736879328,Chepauk,7000,700,4900000,7350000
H8382328,Mylapore,5000,400,2000000,3000000
M71528,Anna Nagar,1000,100,100000,150000
V737465897865716582123,MG,3000,800,2400000,3600000
H8382228,Mandaveli,7000,700,4900000,7350000
V737465897865716582100,Porur,8000,800,6400000,9600000
B6578658387656873100,Poonthamalee,5000,1000,5000000,7500000
C86765586,Banrutti,7000,600,4200000,6300000
D8448792,Guindy,3000,700,2100000,3150000
H2196513420,Chepauk,5000,400,2000000,3000000
H2383217216,Mylapore,6000,300,1800000,2700000
L736879329,Anna Nagar,7000,100,700000,1050000
H8382329,MG,6000,300,1800000,2700000
H676307596,Mandaveli,4000,300,1200000,1800000
H1494607296,Porur,6000,300,1800000,2700000
L736879329,Poonthamalee,1000,1000,1000000,1500000
H8382329,Guindy,7000,800,5600000,8400000
M71529,Chepauk,1000,700,700000,1050000
V737465897865716582123,Mylapore,4000,100,400000,600000
H8382229,Anna Nagar,8000,400,3200000,4800000
V737465897865716582100,MG,2000,700,1400000,2100000
B6578658387656873100,Mandaveli,8000,100,800000,1200000
C86765587,Porur,5000,100,500000,750000
D8448793,Poonthamalee,6000,400,2400000,3600000
H2569921012,Banrutti,9000,300,2700000,4050000
H2756624808,Guindy,7000,300,2100000,3150000
L736879330,Chepauk,5000,100,500000,750000
H8382330,Mylapore,9000,500,4500000,6750000
H1982060300,Anna Nagar,9000,500,4500000,6750000
H1163760600,MG,9000,600,5400000,8100000
L736879330,Mandaveli,6000,700,4200000,6300000
H8382330,Porur,4000,700,2800000,4200000
M71530,Poonthamalee,2000,1000,2000000,3000000
V737465897865716582123,Guindy,6000,900,5400000,8100000
H8382230,Chepauk,9000,600,5400000,8100000
V737465897865716582100,Mylapore,1000,500,500000,750000
B6578658387656873100,Anna Nagar,4000,800,3200000,4800000
C86765588,MG,1000,900,900000,1350000
D8448794,Mandaveli,3000,300,900000,1350000
H2943328604,Porur,7000,900,6300000,9450000
H3130032400,Poonthamalee,9000,600,5400000,8100000
L736879331,Banrutti,9000,800,7200000,10800000
H8382331,Guindy,7000,700,4900000,7350000
H345460900,Chepauk,4000,300,1200000,1800000
H472838800,Mylapore,9000,800,7200000,10800000
L736879331,Anna Nagar,2000,600,1200000,1800000
H8382331,MG,3000,800,2400000,3600000
M71531,Mandaveli,1000,900,900000,1350000
V737465897865716582123,Porur,5000,200,1000000,1500000
H8382231,Poonthamalee,1000,500,500000,750000
V737465897865716582100,Guindy,8000,500,4000000,6000000
B6578658387656873100,Chepauk,6000,800,4800000,7200000
C86765589,Mylapore,4000,1000,4000000,6000000
D8448795,Anna Nagar,9000,700,6300000,9450000
H3316736196,MG,1000,400,400000,600000
H3503439992,Mandaveli,8000,500,4000000,6000000
L736879332,Porur,4000,1000,4000000,6000000
H8382332,Poonthamalee,6000,1000,6000000,9000000
H1291138500,Banrutti,4000,400,1600000,2400000
H2109438200,Guindy,1000,400,400000,600000
L736879332,Chepauk,5000,300,1500000,2250000
H8382332,Mylapore,6000,200,1200000,1800000
M71532,Anna Nagar,8000,700,5600000,8400000
V737465897865716582123,MG,7000,600,4200000,6300000
H8382232,Mandaveli,3000,800,2400000,3600000
V737465897865716582100,Porur,1000,100,100000,150000
B6578658387656873100,Poonthamalee,9000,100,900000,1350000
C86765590,Guindy,6000,900,5400000,8100000
D8448796,Chepauk,3000,600,1800000,2700000
H3690143788,Mylapore,1000,900,900000,1350000
H418119712,Anna Nagar,6000,300,1800000,2700000
L736879333,MG,5000,900,4500000,6750000
H8382333,Mandaveli,8000,600,4800000,7200000
H1367229396,Porur,6000,500,3000000,4500000
H548929696,Poonthamalee,6000,600,3600000,5400000
L736879333,Banrutti,9000,800,7200000,10800000
H8382333,Guindy,4000,400,1600000,2400000
